department,year,ubigeo,iddpto,population,cases_men5,cases_60mas,hosp_men5,hosp_60mas,death_men5,death_60mas,cases_rate_men5,cases_rate_60mas,hosp_rate_men5,hosp_rate_60mas,death_rate_men5,death_rate_60mas,inc_rate_men5,inc_rate_60mas
AMAZONAS,2000,10000,01,356329.0,2900,0,480,0,30,0,813.85,0.0,134.71,0.0,8.42,0.0,813.85,0.0
AMAZONAS,2001,10000,01,359138.0,2134,0,446,0,20,0,594.2,0.0,124.19,0.0,5.57,0.0,594.2,0.0
AMAZONAS,2002,10000,01,361947.0,1767,0,267,0,21,0,488.19,0.0,73.77,0.0,5.8,0.0,488.19,0.0
AMAZONAS,2003,10000,01,364756.0,1442,0,235,0,9,0,395.33,0.0,64.43,0.0,2.47,0.0,395.33,0.0
AMAZONAS,2004,10000,01,367566.0,1305,0,115,0,6,0,355.04,0.0,31.29,0.0,1.63,0.0,355.04,0.0
AMAZONAS,2005,10000,01,370375.0,1004,0,58,0,4,0,271.08,0.0,15.66,0.0,1.08,0.0,271.08,0.0
AMAZONAS,2006,10000,01,373184.0,1075,62,95,36,3,5,288.06,16.61,25.46,9.65,0.8,1.34,288.06,16.61
AMAZONAS,2007,10000,01,375993.0,1026,62,106,30,11,7,272.88,16.49,28.19,7.98,2.93,1.86,272.88,16.49
AMAZONAS,2008,10000,01,380130.0,915,92,115,40,8,10,240.71,24.2,30.25,10.52,2.1,2.63,240.71,24.2
AMAZONAS,2009,10000,01,384267.0,856,94,96,53,8,5,222.76,24.46,24.98,13.79,2.08,1.3,222.76,24.46
AMAZONAS,2010,10000,01,388405.0,738,94,80,68,11,3,190.01,24.2,20.6,17.51,2.83,0.77,190.01,24.2
AMAZONAS,2011,10000,01,392542.0,802,52,91,41,14,4,204.31,13.25,23.18,10.44,3.57,1.02,204.31,13.25
AMAZONAS,2012,10000,01,396679.0,592,108,54,72,11,1,149.24,27.23,13.61,18.15,2.77,0.25,149.24,27.23
AMAZONAS,2013,10000,01,400816.0,662,123,149,92,14,1,165.16,30.69,37.17,22.95,3.49,0.25,165.16,30.69
AMAZONAS,2014,10000,01,404953.0,526,171,94,107,8,3,129.89,42.23,23.21,26.42,1.98,0.74,129.89,42.23
AMAZONAS,2015,10000,01,409091.0,518,163,94,102,9,0,126.62,39.84,22.98,24.93,2.2,0.0,126.62,39.84
AMAZONAS,2016,10000,01,413228.0,453,180,106,91,6,7,109.62,43.56,25.65,22.02,1.45,1.69,109.62,43.56
AMAZONAS,2017,10000,01,417365.0,427,232,89,155,13,3,102.31,55.59,21.32,37.14,3.11,0.72,102.31,55.59
AMAZONAS,2018,10000,01,419833.0,563,128,105,87,5,2,134.1,30.49,25.01,20.72,1.19,0.48,134.1,30.49
AMAZONAS,2019,10000,01,423863.0,514,237,106,95,13,1,121.27,55.91,25.01,22.41,3.07,0.24,121.27,55.91
AMAZONAS,2020,10000,01,426806.0,217,190,11,134,3,43,50.84,44.52,2.58,31.4,0.7,10.07,50.84,44.52
AMAZONAS,2021,10000,01,428512.0,251,221,17,182,5,92,58.57,51.57,3.97,42.47,1.17,21.47,58.57,51.57
AMAZONAS,2022,10000,01,429483.0,377,183,66,110,5,22,87.78,42.61,15.37,25.61,1.16,5.12,87.78,42.61
AMAZONAS,2023,10000,01,429943.0,538,362,176,181,10,22,125.13,84.2,40.94,42.1,2.33,5.12,125.13,84.2
ANCASH,2000,20000,02,1009241.0,3143,0,707,0,62,0,311.42,0.0,70.05,0.0,6.14,0.0,311.42,0.0
ANCASH,2001,20000,02,1016986.0,2582,0,790,0,34,0,253.89,0.0,77.68,0.0,3.34,0.0,253.89,0.0
ANCASH,2002,20000,02,1024732.0,1658,0,407,0,32,0,161.8,0.0,39.72,0.0,3.12,0.0,161.8,0.0
ANCASH,2003,20000,02,1032477.0,1572,0,348,0,27,0,152.26,0.0,33.71,0.0,2.62,0.0,152.26,0.0
ANCASH,2004,20000,02,1040223.0,1764,0,515,0,35,0,169.58,0.0,49.51,0.0,3.36,0.0,169.58,0.0
ANCASH,2005,20000,02,1047968.0,1252,0,407,0,32,0,119.47,0.0,38.84,0.0,3.05,0.0,119.47,0.0
ANCASH,2006,20000,02,1055714.0,1452,22,401,8,26,0,137.54,2.08,37.98,0.76,2.46,0.0,137.54,2.08
ANCASH,2007,20000,02,1063459.0,1258,168,262,73,26,5,118.29,15.8,24.64,6.86,2.44,0.47,118.29,15.8
ANCASH,2008,20000,02,1071025.0,1291,221,336,11,22,8,120.54,20.63,31.37,1.03,2.05,0.75,120.54,20.63
ANCASH,2009,20000,02,1078590.0,1197,286,478,135,17,5,110.98,26.52,44.32,12.52,1.58,0.46,110.98,26.52
ANCASH,2010,20000,02,1086156.0,1156,272,536,143,14,8,106.43,25.04,49.35,13.17,1.29,0.74,106.43,25.04
ANCASH,2011,20000,02,1093721.0,863,209,412,127,7,4,78.9,19.11,37.67,11.61,0.64,0.37,78.9,19.11
ANCASH,2012,20000,02,1101287.0,763,275,451,174,4,6,69.28,24.97,40.95,15.8,0.36,0.54,69.28,24.97
ANCASH,2013,20000,02,1108853.0,968,424,518,265,9,8,87.3,38.24,46.71,23.9,0.81,0.72,87.3,38.24
ANCASH,2014,20000,02,1116418.0,538,359,260,248,3,5,48.19,32.16,23.29,22.21,0.27,0.45,48.19,32.16
ANCASH,2015,20000,02,1123984.0,517,252,292,187,7,2,46.0,22.42,25.98,16.64,0.62,0.18,46.0,22.42
ANCASH,2016,20000,02,1131549.0,553,294,328,205,4,9,48.87,25.98,28.99,18.12,0.35,0.8,48.87,25.98
ANCASH,2017,20000,02,1139115.0,748,487,430,300,0,12,65.67,42.75,37.75,26.34,0.0,1.05,65.67,42.75
ANCASH,2018,20000,02,1155451.0,819,596,548,405,8,11,70.88,51.58,47.43,35.05,0.69,0.95,70.88,51.58
ANCASH,2019,20000,02,1169522.0,697,729,346,526,8,6,59.6,62.33,29.58,44.98,0.68,0.51,59.6,62.33
ANCASH,2020,20000,02,1180638.0,181,532,64,293,0,13,15.33,45.06,5.42,24.82,0.0,1.1,15.33,45.06
ANCASH,2021,20000,02,1188391.0,233,1093,76,730,1,59,19.61,91.97,6.4,61.43,0.08,4.96,19.61,91.97
ANCASH,2022,20000,02,1194156.0,599,803,192,493,3,15,50.16,67.24,16.08,41.28,0.25,1.26,50.16,67.24
ANCASH,2023,20000,02,1198547.0,903,782,362,443,7,15,75.34,65.25,30.2,36.96,0.58,1.25,75.34,65.25
APURIMAC,2000,30000,03,393094.0,2769,0,401,0,17,0,704.41,0.0,102.01,0.0,4.32,0.0,704.41,0.0
APURIMAC,2001,30000,03,394679.0,2173,0,351,0,14,0,550.57,0.0,88.93,0.0,3.55,0.0,550.57,0.0
APURIMAC,2002,30000,03,396264.0,1692,0,333,0,19,0,426.99,0.0,84.03,0.0,4.79,0.0,426.99,0.0
APURIMAC,2003,30000,03,397849.0,1783,0,432,0,39,0,448.16,0.0,108.58,0.0,9.8,0.0,448.16,0.0
APURIMAC,2004,30000,03,399434.0,1242,0,400,0,18,0,310.94,0.0,100.14,0.0,4.51,0.0,310.94,0.0
APURIMAC,2005,30000,03,401020.0,1512,0,626,0,9,0,377.04,0.0,156.1,0.0,2.24,0.0,377.04,0.0
APURIMAC,2006,30000,03,402605.0,1351,173,502,87,5,6,335.56,42.97,124.69,21.61,1.24,1.49,335.56,42.97
APURIMAC,2007,30000,03,404190.0,1263,266,505,170,5,9,312.48,65.81,124.94,42.06,1.24,2.23,312.48,65.81
APURIMAC,2008,30000,03,406197.0,1145,312,525,213,11,14,281.88,76.81,129.25,52.44,2.71,3.45,281.88,76.81
APURIMAC,2009,30000,03,408204.0,877,235,406,134,10,7,214.84,57.57,99.46,32.83,2.45,1.71,214.84,57.57
APURIMAC,2010,30000,03,410211.0,796,247,437,148,5,1,194.05,60.21,106.53,36.08,1.22,0.24,194.05,60.21
APURIMAC,2011,30000,03,412218.0,486,82,171,38,5,3,117.9,19.89,41.48,9.22,1.21,0.73,117.9,19.89
APURIMAC,2012,30000,03,414224.0,454,173,167,56,3,8,109.6,41.76,40.32,13.52,0.72,1.93,109.6,41.76
APURIMAC,2013,30000,03,416231.0,414,133,146,55,4,5,99.46,31.95,35.08,13.21,0.96,1.2,99.46,31.95
APURIMAC,2014,30000,03,418238.0,665,362,84,82,5,4,159.0,86.55,20.08,19.61,1.2,0.96,159.0,86.55
APURIMAC,2015,30000,03,420245.0,339,191,108,79,2,2,80.67,45.45,25.7,18.8,0.48,0.48,80.67,45.45
APURIMAC,2016,30000,03,422252.0,337,207,129,144,4,13,79.81,49.02,30.55,34.1,0.95,3.08,79.81,49.02
APURIMAC,2017,30000,03,424259.0,306,275,110,116,6,9,72.13,64.82,25.93,27.34,1.41,2.12,72.13,64.82
APURIMAC,2018,30000,03,427323.0,466,384,142,167,2,23,109.05,89.86,33.23,39.08,0.47,5.38,109.05,89.86
APURIMAC,2019,30000,03,429587.0,301,362,92,159,7,24,70.07,84.27,21.42,37.01,1.63,5.59,70.07,84.27
APURIMAC,2020,30000,03,430736.0,70,212,32,78,4,16,16.25,49.22,7.43,18.11,0.93,3.71,16.25,49.22
APURIMAC,2021,30000,03,430609.0,69,382,29,64,0,7,16.02,88.71,6.73,14.86,0.0,1.63,16.02,88.71
APURIMAC,2022,30000,03,429720.0,265,289,153,162,4,26,61.67,67.25,35.6,37.7,0.93,6.05,61.67,67.25
APURIMAC,2023,30000,03,428311.0,346,504,158,212,2,41,80.78,117.67,36.89,49.5,0.47,9.57,80.78,117.67
AREQUIPA,2000,40000,04,1034554.0,3193,0,797,0,52,0,308.64,0.0,77.04,0.0,5.03,0.0,308.64,0.0
AREQUIPA,2001,40000,04,1051376.0,3102,0,1100,0,32,0,295.04,0.0,104.62,0.0,3.04,0.0,295.04,0.0
AREQUIPA,2002,40000,04,1068197.0,2857,0,958,0,10,0,267.46,0.0,89.68,0.0,0.94,0.0,267.46,0.0
AREQUIPA,2003,40000,04,1085018.0,3136,0,983,0,10,0,289.03,0.0,90.6,0.0,0.92,0.0,289.03,0.0
AREQUIPA,2004,40000,04,1101839.0,2435,0,924,0,18,0,220.99,0.0,83.86,0.0,1.63,0.0,220.99,0.0
AREQUIPA,2005,40000,04,1118661.0,2482,0,898,0,7,0,221.87,0.0,80.27,0.0,0.63,0.0,221.87,0.0
AREQUIPA,2006,40000,04,1135482.0,2890,41,917,1,14,0,254.52,3.61,80.76,0.09,1.23,0.0,254.52,3.61
AREQUIPA,2007,40000,04,1152303.0,2509,590,880,102,15,48,217.74,51.2,76.37,8.85,1.3,4.17,217.74,51.2
AREQUIPA,2008,40000,04,1183116.0,2755,1028,1043,55,17,59,232.86,86.89,88.16,4.65,1.44,4.99,232.86,86.89
AREQUIPA,2009,40000,04,1213929.0,2364,1121,856,380,15,76,194.74,92.34,70.51,31.3,1.24,6.26,194.74,92.34
AREQUIPA,2010,40000,04,1244742.0,1963,1464,741,449,10,85,157.7,117.61,59.53,36.07,0.8,6.83,157.7,117.61
AREQUIPA,2011,40000,04,1275555.0,1839,1750,578,748,27,107,144.17,137.2,45.31,58.64,2.12,8.39,144.17,137.2
AREQUIPA,2012,40000,04,1306368.0,1669,1561,627,763,12,149,127.76,119.49,48.0,58.41,0.92,11.41,127.76,119.49
AREQUIPA,2013,40000,04,1337181.0,1634,1308,531,544,5,74,122.2,97.82,39.71,40.68,0.37,5.53,122.2,97.82
AREQUIPA,2014,40000,04,1367994.0,1389,1259,416,435,6,48,101.54,92.03,30.41,31.8,0.44,3.51,101.54,92.03
AREQUIPA,2015,40000,04,1398807.0,1487,1274,557,385,3,10,106.3,91.08,39.82,27.52,0.21,0.71,106.3,91.08
AREQUIPA,2016,40000,04,1429620.0,1819,1863,765,430,3,36,127.24,130.31,53.51,30.08,0.21,2.52,127.24,130.31
AREQUIPA,2017,40000,04,1460433.0,1789,1726,913,534,2,65,122.5,118.18,62.52,36.56,0.14,4.45,122.5,118.18
AREQUIPA,2018,40000,04,1428708.0,1996,1959,1208,596,6,51,139.71,137.12,84.55,41.72,0.42,3.57,139.71,137.12
AREQUIPA,2019,40000,04,1464638.0,1676,2205,874,552,4,216,114.43,150.55,59.67,37.69,0.27,14.75,114.43,150.55
AREQUIPA,2020,40000,04,1497438.0,236,2127,69,893,0,126,15.76,142.04,4.61,59.64,0.0,8.41,15.76,142.04
AREQUIPA,2021,40000,04,1526669.0,301,2869,130,1186,3,114,19.72,187.93,8.52,77.69,0.2,7.47,19.72,187.93
AREQUIPA,2022,40000,04,1553994.0,1030,1778,396,766,7,287,66.28,114.41,25.48,49.29,0.45,18.47,66.28,114.41
AREQUIPA,2023,40000,04,1580075.0,1946,2062,656,564,9,296,123.16,130.5,41.52,35.69,0.57,18.73,123.16,130.5
AYACUCHO,2000,50000,05,552498.0,1555,0,307,0,20,0,281.45,0.0,55.57,0.0,3.62,0.0,281.45,0.0
AYACUCHO,2001,50000,05,561068.0,1119,0,232,0,3,0,199.44,0.0,41.35,0.0,0.53,0.0,199.44,0.0
AYACUCHO,2002,50000,05,569638.0,858,0,220,0,7,0,150.62,0.0,38.62,0.0,1.23,0.0,150.62,0.0
AYACUCHO,2003,50000,05,578208.0,849,0,234,0,14,0,146.83,0.0,40.47,0.0,2.42,0.0,146.83,0.0
AYACUCHO,2004,50000,05,586779.0,768,0,182,0,19,0,130.88,0.0,31.02,0.0,3.24,0.0,130.88,0.0
AYACUCHO,2005,50000,05,595349.0,782,0,275,0,24,0,131.35,0.0,46.19,0.0,4.03,0.0,131.35,0.0
AYACUCHO,2006,50000,05,603919.0,793,23,212,22,5,1,131.31,3.81,35.1,3.64,0.83,0.17,131.31,3.81
AYACUCHO,2007,50000,05,612489.0,713,132,251,49,18,8,116.41,21.55,40.98,8.0,2.94,1.31,116.41,21.55
AYACUCHO,2008,50000,05,616334.0,828,225,300,28,10,3,134.34,36.51,48.67,4.54,1.62,0.49,134.34,36.51
AYACUCHO,2009,50000,05,620179.0,476,116,230,44,10,1,76.75,18.7,37.09,7.09,1.61,0.16,76.75,18.7
AYACUCHO,2010,50000,05,624024.0,535,94,245,57,8,5,85.73,15.06,39.26,9.13,1.28,0.8,85.73,15.06
AYACUCHO,2011,50000,05,627869.0,412,111,176,87,12,1,65.62,17.68,28.03,13.86,1.91,0.16,65.62,17.68
AYACUCHO,2012,50000,05,631714.0,441,155,160,106,11,3,69.81,24.54,25.33,16.78,1.74,0.47,69.81,24.54
AYACUCHO,2013,50000,05,635560.0,436,294,151,230,11,25,68.6,46.26,23.76,36.19,1.73,3.93,68.6,46.26
AYACUCHO,2014,50000,05,639405.0,523,401,245,320,20,41,81.79,62.71,38.32,50.05,3.13,6.41,81.79,62.71
AYACUCHO,2015,50000,05,643250.0,600,270,285,221,7,0,93.28,41.97,44.31,34.36,1.09,0.0,93.28,41.97
AYACUCHO,2016,50000,05,647095.0,258,262,121,224,6,53,39.87,40.49,18.7,34.62,0.93,8.19,39.87,40.49
AYACUCHO,2017,50000,05,650940.0,409,330,165,231,8,38,62.83,50.7,25.35,35.49,1.23,5.84,62.83,50.7
AYACUCHO,2018,50000,05,659061.0,416,394,255,302,11,59,63.12,59.78,38.69,45.82,1.67,8.95,63.12,59.78
AYACUCHO,2019,50000,05,664494.0,306,439,138,320,6,59,46.05,66.07,20.77,48.16,0.9,8.88,46.05,66.07
AYACUCHO,2020,50000,05,668213.0,79,292,26,155,3,51,11.82,43.7,3.89,23.2,0.45,7.63,11.82,43.7
AYACUCHO,2021,50000,05,669979.0,160,1972,71,1381,7,455,23.88,294.34,10.6,206.13,1.04,67.91,23.88,294.34
AYACUCHO,2022,50000,05,670579.0,448,1190,295,931,4,163,66.81,177.46,43.99,138.84,0.6,24.31,66.81,177.46
AYACUCHO,2023,50000,05,670377.0,549,596,359,427,9,100,81.89,88.91,53.55,63.7,1.34,14.92,81.89,88.91
CAJAMARCA,2000,60000,06,1323808.0,6915,0,705,0,100,0,522.36,0.0,53.26,0.0,7.55,0.0,522.36,0.0
CAJAMARCA,2001,60000,06,1332951.0,4242,0,543,0,27,0,318.24,0.0,40.74,0.0,2.03,0.0,318.24,0.0
CAJAMARCA,2002,60000,06,1342094.0,4354,0,862,0,41,0,324.42,0.0,64.23,0.0,3.05,0.0,324.42,0.0
CAJAMARCA,2003,60000,06,1351237.0,4094,0,1039,0,52,0,302.98,0.0,76.89,0.0,3.85,0.0,302.98,0.0
CAJAMARCA,2004,60000,06,1360380.0,2995,0,1010,0,88,0,220.16,0.0,74.24,0.0,6.47,0.0,220.16,0.0
CAJAMARCA,2005,60000,06,1369523.0,2716,0,862,0,69,0,198.32,0.0,62.94,0.0,5.04,0.0,198.32,0.0
CAJAMARCA,2006,60000,06,1378666.0,2634,56,857,27,49,0,191.05,4.06,62.16,1.96,3.55,0.0,191.05,4.06
CAJAMARCA,2007,60000,06,1387809.0,2428,72,764,25,35,2,174.95,5.19,55.05,1.8,2.52,0.14,174.95,5.19
CAJAMARCA,2008,60000,06,1391781.0,2534,111,714,94,27,0,182.07,7.98,51.3,6.75,1.94,0.0,182.07,7.98
CAJAMARCA,2009,60000,06,1395753.0,2315,105,632,52,23,0,165.86,7.52,45.28,3.73,1.65,0.0,165.86,7.52
CAJAMARCA,2010,60000,06,1399724.0,1647,96,461,27,11,3,117.67,6.86,32.94,1.93,0.79,0.21,117.67,6.86
CAJAMARCA,2011,60000,06,1403696.0,1652,65,423,33,5,1,117.69,4.63,30.13,2.35,0.36,0.07,117.69,4.63
CAJAMARCA,2012,60000,06,1407668.0,1196,126,320,57,14,6,84.96,8.95,22.73,4.05,0.99,0.43,84.96,8.95
CAJAMARCA,2013,60000,06,1411640.0,1248,177,401,69,15,2,88.41,12.54,28.41,4.89,1.06,0.14,88.41,12.54
CAJAMARCA,2014,60000,06,1415612.0,950,183,280,87,4,2,67.11,12.93,19.78,6.15,0.28,0.14,67.11,12.93
CAJAMARCA,2015,60000,06,1419583.0,812,118,244,30,4,3,57.2,8.31,17.19,2.11,0.28,0.21,57.2,8.31
CAJAMARCA,2016,60000,06,1423555.0,670,312,260,74,5,4,47.07,21.92,18.26,5.2,0.35,0.28,47.07,21.92
CAJAMARCA,2017,60000,06,1427527.0,643,530,260,118,6,12,45.04,37.13,18.21,8.27,0.42,0.84,45.04,37.13
CAJAMARCA,2018,60000,06,1438325.0,662,664,292,165,6,15,46.03,46.16,20.3,11.47,0.42,1.04,46.03,46.16
CAJAMARCA,2019,60000,06,1447891.0,809,371,361,226,3,14,55.87,25.62,24.93,15.61,0.21,0.97,55.87,25.62
CAJAMARCA,2020,60000,06,1453711.0,237,354,113,235,1,17,16.3,24.35,7.77,16.17,0.07,1.17,16.3,24.35
CAJAMARCA,2021,60000,06,1455245.0,246,435,127,261,1,7,16.9,29.89,8.73,17.94,0.07,0.48,16.9,29.89
CAJAMARCA,2022,60000,06,1454217.0,875,832,432,206,1,5,60.17,57.21,29.71,14.17,0.07,0.34,60.17,57.21
CAJAMARCA,2023,60000,06,1451436.0,1161,678,496,335,3,5,79.99,46.71,34.17,23.08,0.21,0.34,79.99,46.71
CALLAO,2000,70000,07,758303.0,821,0,229,0,1,0,108.27,0.0,30.2,0.0,0.13,0.0,108.27,0.0
CALLAO,2001,70000,07,775242.0,1045,0,397,0,2,0,134.8,0.0,51.21,0.0,0.26,0.0,134.8,0.0
CALLAO,2002,70000,07,792181.0,1149,0,457,0,3,0,145.04,0.0,57.69,0.0,0.38,0.0,145.04,0.0
CALLAO,2003,70000,07,809120.0,1475,0,445,0,1,0,182.3,0.0,55.0,0.0,0.12,0.0,182.3,0.0
CALLAO,2004,70000,07,826060.0,1296,0,454,0,6,0,156.89,0.0,54.96,0.0,0.73,0.0,156.89,0.0
CALLAO,2005,70000,07,842999.0,1056,0,258,0,1,0,125.27,0.0,30.61,0.0,0.12,0.0,125.27,0.0
CALLAO,2006,70000,07,859938.0,1268,101,261,7,4,1,147.45,11.75,30.35,0.81,0.47,0.12,147.45,11.75
CALLAO,2007,70000,07,876877.0,1308,9,186,6,2,1,149.17,1.03,21.21,0.68,0.23,0.11,149.17,1.03
CALLAO,2008,70000,07,893885.0,1518,395,157,6,0,3,169.82,44.19,17.56,0.67,0.0,0.34,169.82,44.19
CALLAO,2009,70000,07,910892.0,1333,598,106,6,0,4,146.34,65.65,11.64,0.66,0.0,0.44,146.34,65.65
CALLAO,2010,70000,07,927900.0,1383,1123,114,16,3,0,149.05,121.03,12.29,1.72,0.32,0.0,149.05,121.03
CALLAO,2011,70000,07,944907.0,1386,620,106,28,3,3,146.68,65.61,11.22,2.96,0.32,0.32,146.68,65.61
CALLAO,2012,70000,07,961915.0,915,376,103,28,3,2,95.12,39.09,10.71,2.91,0.31,0.21,95.12,39.09
CALLAO,2013,70000,07,978923.0,727,460,69,54,9,33,74.27,46.99,7.05,5.52,0.92,3.37,74.27,46.99
CALLAO,2014,70000,07,995930.0,693,237,55,43,5,33,69.58,23.8,5.52,4.32,0.5,3.31,69.58,23.8
CALLAO,2015,70000,07,1012938.0,960,661,181,198,2,0,94.77,65.26,17.87,19.55,0.2,0.0,94.77,65.26
CALLAO,2016,70000,07,1029945.0,896,870,78,105,5,72,86.99,84.47,7.57,10.19,0.49,6.99,86.99,84.47
CALLAO,2017,70000,07,1046953.0,829,835,74,197,5,102,79.18,79.76,7.07,18.82,0.48,9.74,79.18,79.76
CALLAO,2018,70000,07,1078789.0,853,950,324,432,5,104,79.07,88.06,30.03,40.04,0.46,9.64,79.07,88.06
CALLAO,2019,70000,07,1105512.0,875,1146,366,440,3,127,79.15,103.66,33.11,39.8,0.27,11.49,79.15,103.66
CALLAO,2020,70000,07,1129854.0,225,1405,96,705,0,146,19.91,124.35,8.5,62.4,0.0,12.92,19.91,124.35
CALLAO,2021,70000,07,1151480.0,176,1431,64,740,0,389,15.28,124.27,5.56,64.27,0.0,33.78,15.28,124.27
CALLAO,2022,70000,07,1171648.0,469,928,124,403,2,133,40.03,79.2,10.58,34.4,0.17,11.35,40.03,79.2
CALLAO,2023,70000,07,1190860.0,815,1340,261,502,0,82,68.44,112.52,21.92,42.15,0.0,6.89,68.44,112.52
CUSCO,2000,80000,08,1100083.0,4870,0,1161,0,113,0,442.69,0.0,105.54,0.0,10.27,0.0,442.69,0.0
CUSCO,2001,80000,08,1110272.0,4534,0,1224,0,81,0,408.37,0.0,110.24,0.0,7.3,0.0,408.37,0.0
CUSCO,2002,80000,08,1120460.0,3501,0,992,0,69,0,312.46,0.0,88.54,0.0,6.16,0.0,312.46,0.0
CUSCO,2003,80000,08,1130649.0,3902,0,1381,0,120,0,345.11,0.0,122.14,0.0,10.61,0.0,345.11,0.0
CUSCO,2004,80000,08,1140837.0,3187,0,1153,0,75,0,279.36,0.0,101.07,0.0,6.57,0.0,279.36,0.0
CUSCO,2005,80000,08,1151026.0,3001,0,1196,0,51,0,260.72,0.0,103.91,0.0,4.43,0.0,260.72,0.0
CUSCO,2006,80000,08,1161214.0,2679,543,1132,258,28,13,230.71,46.76,97.48,22.22,2.41,1.12,230.71,46.76
CUSCO,2007,80000,08,1171403.0,2536,986,1014,466,37,30,216.49,84.17,86.56,39.78,3.16,2.56,216.49,84.17
CUSCO,2008,80000,08,1185785.0,2058,909,778,315,36,33,173.56,76.66,65.61,26.56,3.04,2.78,173.56,76.66
CUSCO,2009,80000,08,1200166.0,1889,941,786,327,42,17,157.39,78.41,65.49,27.25,3.5,1.42,157.39,78.41
CUSCO,2010,80000,08,1214548.0,1748,901,695,438,30,29,143.92,74.18,57.22,36.06,2.47,2.39,143.92,74.18
CUSCO,2011,80000,08,1228930.0,1386,777,543,393,27,28,112.78,63.23,44.18,31.98,2.2,2.28,112.78,63.23
CUSCO,2012,80000,08,1243312.0,1375,802,568,382,26,13,110.59,64.51,45.68,30.72,2.09,1.05,110.59,64.51
CUSCO,2013,80000,08,1257693.0,1386,878,498,362,44,8,110.2,69.81,39.6,28.78,3.5,0.64,110.2,69.81
CUSCO,2014,80000,08,1272075.0,1049,737,430,268,34,31,82.46,57.94,33.8,21.07,2.67,2.44,82.46,57.94
CUSCO,2015,80000,08,1286457.0,894,741,330,257,30,1,69.49,57.6,25.65,19.98,2.33,0.08,69.49,57.6
CUSCO,2016,80000,08,1300838.0,857,1026,322,329,24,52,65.88,78.87,24.75,25.29,1.84,4.0,65.88,78.87
CUSCO,2017,80000,08,1315220.0,984,1157,415,382,23,47,74.82,87.97,31.55,29.04,1.75,3.57,74.82,87.97
CUSCO,2018,80000,08,1320530.0,1260,1426,566,482,46,113,95.42,107.99,42.86,36.5,3.48,8.56,95.42,107.99
CUSCO,2019,80000,08,1340457.0,1051,1406,353,424,12,82,78.41,104.89,26.33,31.63,0.9,6.12,78.41,104.89
CUSCO,2020,80000,08,1357075.0,287,1303,103,303,9,67,21.15,96.02,7.59,22.33,0.66,4.94,21.15,96.02
CUSCO,2021,80000,08,1369932.0,362,1591,107,456,6,92,26.42,116.14,7.81,33.29,0.44,6.72,26.42,116.14
CUSCO,2022,80000,08,1380594.0,1157,1192,363,370,21,149,83.8,86.34,26.29,26.8,1.52,10.79,83.8,86.34
CUSCO,2023,80000,08,1389737.0,1443,1567,278,759,26,203,103.83,112.76,20.0,54.61,1.87,14.61,103.83,112.76
HUANCAVELICA,2000,90000,09,419980.0,3779,0,737,0,92,0,899.8,0.0,175.48,0.0,21.91,0.0,899.8,0.0
HUANCAVELICA,2001,90000,09,424953.0,2761,0,595,0,71,0,649.72,0.0,140.02,0.0,16.71,0.0,649.72,0.0
HUANCAVELICA,2002,90000,09,429927.0,1693,0,430,0,65,0,393.79,0.0,100.02,0.0,15.12,0.0,393.79,0.0
HUANCAVELICA,2003,90000,09,434901.0,1541,0,510,0,54,0,354.33,0.0,117.27,0.0,12.42,0.0,354.33,0.0
HUANCAVELICA,2004,90000,09,439875.0,1237,0,454,0,35,0,281.22,0.0,103.21,0.0,7.96,0.0,281.22,0.0
HUANCAVELICA,2005,90000,09,444849.0,1140,0,477,0,57,0,256.27,0.0,107.23,0.0,12.81,0.0,256.27,0.0
HUANCAVELICA,2006,90000,09,449823.0,1118,390,503,60,41,117,248.54,86.7,111.82,13.34,9.11,26.01,248.54,86.7
HUANCAVELICA,2007,90000,09,454797.0,1038,178,394,59,43,63,228.23,39.14,86.63,12.97,9.45,13.85,228.23,39.14
HUANCAVELICA,2008,90000,09,446042.0,1109,220,447,68,47,38,248.63,49.32,100.21,15.25,10.54,8.52,248.63,49.32
HUANCAVELICA,2009,90000,09,437288.0,952,216,414,74,33,39,217.71,49.4,94.67,16.92,7.55,8.92,217.71,49.4
HUANCAVELICA,2010,90000,09,428534.0,777,250,308,107,26,52,181.32,58.34,71.87,24.97,6.07,12.13,181.32,58.34
HUANCAVELICA,2011,90000,09,419779.0,546,217,249,117,12,40,130.07,51.69,59.32,27.87,2.86,9.53,130.07,51.69
HUANCAVELICA,2012,90000,09,411024.0,439,208,175,125,11,30,106.81,50.61,42.58,30.41,2.68,7.3,106.81,50.61
HUANCAVELICA,2013,90000,09,402270.0,482,263,184,142,20,61,119.82,65.38,45.74,35.3,4.97,15.16,119.82,65.38
HUANCAVELICA,2014,90000,09,393516.0,365,249,145,147,11,59,92.75,63.28,36.85,37.36,2.8,14.99,92.75,63.28
HUANCAVELICA,2015,90000,09,384761.0,350,229,130,134,16,24,90.97,59.52,33.79,34.83,4.16,6.24,90.97,59.52
HUANCAVELICA,2016,90000,09,376006.0,292,306,114,184,10,38,77.66,81.38,30.32,48.94,2.66,10.11,77.66,81.38
HUANCAVELICA,2017,90000,09,367252.0,235,241,103,94,18,34,63.99,65.62,28.05,25.6,4.9,9.26,63.99,65.62
HUANCAVELICA,2018,90000,09,376346.0,255,310,132,159,7,95,67.76,82.37,35.07,42.25,1.86,25.24,67.76,82.37
HUANCAVELICA,2019,90000,09,371260.0,206,246,122,119,6,50,55.49,66.26,32.86,32.05,1.62,13.47,55.49,66.26
HUANCAVELICA,2020,90000,09,365317.0,62,161,39,98,1,27,16.97,44.07,10.68,26.83,0.27,7.39,16.97,44.07
HUANCAVELICA,2021,90000,09,358356.0,56,660,31,423,3,146,15.63,184.17,8.65,118.04,0.84,40.74,15.63,184.17
HUANCAVELICA,2022,90000,09,350845.0,180,338,118,202,3,48,51.3,96.34,33.63,57.58,0.86,13.68,51.3,96.34
HUANCAVELICA,2023,90000,09,343026.0,209,356,163,220,12,63,60.93,103.78,47.52,64.14,3.5,18.37,60.93,103.78
HUANUCO,2000,100000,10,708356.0,5738,0,1551,0,99,0,810.04,0.0,218.96,0.0,13.98,0.0,810.04,0.0
HUANUCO,2001,100000,10,716051.0,4107,0,888,0,51,0,573.56,0.0,124.01,0.0,7.12,0.0,573.56,0.0
HUANUCO,2002,100000,10,723747.0,3374,0,723,0,32,0,466.19,0.0,99.9,0.0,4.42,0.0,466.19,0.0
HUANUCO,2003,100000,10,731442.0,2966,0,747,0,55,0,405.5,0.0,102.13,0.0,7.52,0.0,405.5,0.0
HUANUCO,2004,100000,10,739137.0,2860,0,871,0,46,0,386.94,0.0,117.84,0.0,6.22,0.0,386.94,0.0
HUANUCO,2005,100000,10,746832.0,2843,0,870,0,32,0,380.67,0.0,116.49,0.0,4.28,0.0,380.67,0.0
HUANUCO,2006,100000,10,754528.0,2820,139,853,40,30,9,373.74,18.42,113.05,5.3,3.98,1.19,373.74,18.42
HUANUCO,2007,100000,10,762223.0,2299,164,862,75,30,8,301.62,21.52,113.09,9.84,3.94,1.05,301.62,21.52
HUANUCO,2008,100000,10,761997.0,2337,250,884,35,29,12,306.69,32.81,116.01,4.59,3.81,1.57,306.69,32.81
HUANUCO,2009,100000,10,761771.0,1655,162,738,86,49,11,217.26,21.27,96.88,11.29,6.43,1.44,217.26,21.27
HUANUCO,2010,100000,10,761545.0,1840,305,898,152,35,11,241.61,40.05,117.92,19.96,4.6,1.44,241.61,40.05
HUANUCO,2011,100000,10,761319.0,1653,180,872,113,29,19,217.12,23.64,114.54,14.84,3.81,2.5,217.12,23.64
HUANUCO,2012,100000,10,761092.0,1799,189,1004,137,25,15,236.37,24.83,131.92,18.0,3.28,1.97,236.37,24.83
HUANUCO,2013,100000,10,760866.0,1440,177,675,110,22,18,189.26,23.26,88.71,14.46,2.89,2.37,189.26,23.26
HUANUCO,2014,100000,10,760640.0,1052,181,575,113,16,17,138.3,23.8,75.59,14.86,2.1,2.23,138.3,23.8
HUANUCO,2015,100000,10,760414.0,1055,489,447,150,3,1,138.74,64.31,58.78,19.73,0.39,0.13,138.74,64.31
HUANUCO,2016,100000,10,760188.0,1209,611,386,217,10,13,159.04,80.37,50.78,28.55,1.32,1.71,159.04,80.37
HUANUCO,2017,100000,10,759962.0,812,389,272,173,15,16,106.85,51.19,35.79,22.76,1.97,2.11,106.85,51.19
HUANUCO,2018,100000,10,757467.0,1172,385,321,197,18,15,154.73,50.83,42.38,26.01,2.38,1.98,154.73,50.83
HUANUCO,2019,100000,10,759851.0,860,392,296,176,9,13,113.18,51.59,38.96,23.16,1.18,1.71,113.18,51.59
HUANUCO,2020,100000,10,760267.0,243,571,105,376,6,22,31.96,75.11,13.81,49.46,0.79,2.89,31.96,75.11
HUANUCO,2021,100000,10,758416.0,279,606,91,262,8,64,36.79,79.9,12.0,34.55,1.05,8.44,36.79,79.9
HUANUCO,2022,100000,10,755213.0,614,845,192,292,6,11,81.3,111.89,25.42,38.66,0.79,1.46,81.3,111.89
HUANUCO,2023,100000,10,751097.0,1038,915,318,173,13,30,138.2,121.82,42.34,23.03,1.73,3.99,138.2,121.82
ICA,2000,110000,11,638809.0,1821,0,531,0,7,0,285.06,0.0,83.12,0.0,1.1,0.0,285.06,0.0
ICA,2001,110000,11,649255.0,1572,0,579,0,8,0,242.12,0.0,89.18,0.0,1.23,0.0,242.12,0.0
ICA,2002,110000,11,659701.0,1115,0,500,0,5,0,169.02,0.0,75.79,0.0,0.76,0.0,169.02,0.0
ICA,2003,110000,11,670147.0,1163,0,496,0,3,0,173.54,0.0,74.01,0.0,0.45,0.0,173.54,0.0
ICA,2004,110000,11,680594.0,885,0,472,0,5,0,130.03,0.0,69.35,0.0,0.73,0.0,130.03,0.0
ICA,2005,110000,11,691040.0,860,0,473,0,4,0,124.45,0.0,68.45,0.0,0.58,0.0,124.45,0.0
ICA,2006,110000,11,701486.0,785,0,396,0,3,0,111.91,0.0,56.45,0.0,0.43,0.0,111.91,0.0
ICA,2007,110000,11,711932.0,718,94,405,48,1,1,100.85,13.2,56.89,6.74,0.14,0.14,100.85,13.2
ICA,2008,110000,11,730068.0,854,220,496,175,1,8,116.98,30.13,67.94,23.97,0.14,1.1,116.98,30.13
ICA,2009,110000,11,748204.0,508,179,237,149,0,3,67.9,23.92,31.68,19.91,0.0,0.4,67.9,23.92
ICA,2010,110000,11,766340.0,630,160,318,135,0,5,82.21,20.88,41.5,17.62,0.0,0.65,82.21,20.88
ICA,2011,110000,11,784476.0,608,112,315,82,2,13,77.5,14.28,40.15,10.45,0.25,1.66,77.5,14.28
ICA,2012,110000,11,802612.0,546,93,305,79,3,23,68.03,11.59,38.0,9.84,0.37,2.87,68.03,11.59
ICA,2013,110000,11,820748.0,553,159,266,129,8,52,67.38,19.37,32.41,15.72,0.97,6.34,67.38,19.37
ICA,2014,110000,11,838884.0,519,175,256,123,2,5,61.87,20.86,30.52,14.66,0.24,0.6,61.87,20.86
ICA,2015,110000,11,857020.0,395,169,208,133,0,2,46.09,19.72,24.27,15.52,0.0,0.23,46.09,19.72
ICA,2016,110000,11,875156.0,351,155,118,128,2,56,40.11,17.71,13.48,14.63,0.23,6.4,40.11,17.71
ICA,2017,110000,11,893292.0,328,129,85,103,2,72,36.72,14.44,9.52,11.53,0.22,8.06,36.72,14.44
ICA,2018,110000,11,923175.0,354,371,114,160,2,93,38.35,40.19,12.35,17.33,0.22,10.07,38.35,40.19
ICA,2019,110000,11,950100.0,294,210,85,190,2,100,30.94,22.1,8.95,20.0,0.21,10.53,30.94,22.1
ICA,2020,110000,11,975182.0,110,569,37,500,0,81,11.28,58.35,3.79,51.27,0.0,8.31,11.28,58.35
ICA,2021,110000,11,998144.0,110,1301,64,1220,2,362,11.02,130.34,6.41,122.23,0.2,36.27,11.02,130.34
ICA,2022,110000,11,1020050.0,90,343,64,304,3,189,8.82,33.63,6.27,29.8,0.29,18.53,8.82,33.63
ICA,2023,110000,11,1041312.0,271,566,178,337,8,152,26.02,54.35,17.09,32.36,0.77,14.6,26.02,54.35
JUNIN,2000,120000,12,1130658.0,4423,0,868,0,48,0,391.19,0.0,76.77,0.0,4.25,0.0,391.19,0.0
JUNIN,2001,120000,12,1144203.0,3253,0,1664,0,29,0,284.3,0.0,145.43,0.0,2.53,0.0,284.3,0.0
JUNIN,2002,120000,12,1157748.0,2832,0,675,0,16,0,244.61,0.0,58.3,0.0,1.38,0.0,244.61,0.0
JUNIN,2003,120000,12,1171293.0,2057,0,633,0,24,0,175.62,0.0,54.04,0.0,2.05,0.0,175.62,0.0
JUNIN,2004,120000,12,1184838.0,1869,0,594,0,27,0,157.74,0.0,50.13,0.0,2.28,0.0,157.74,0.0
JUNIN,2005,120000,12,1198384.0,1810,0,601,0,32,0,151.04,0.0,50.15,0.0,2.67,0.0,151.04,0.0
JUNIN,2006,120000,12,1211929.0,1632,115,655,46,35,4,134.66,9.49,54.05,3.8,2.89,0.33,134.66,9.49
JUNIN,2007,120000,12,1225474.0,1449,304,567,130,34,20,118.24,24.81,46.27,10.61,2.77,1.63,118.24,24.81
JUNIN,2008,120000,12,1234616.0,1624,254,712,116,29,13,131.54,20.57,57.67,9.4,2.35,1.05,131.54,20.57
JUNIN,2009,120000,12,1243758.0,1137,224,372,118,34,21,91.42,18.01,29.91,9.49,2.73,1.69,91.42,18.01
JUNIN,2010,120000,12,1252900.0,1040,338,370,240,21,27,83.01,26.98,29.53,19.16,1.68,2.16,83.01,26.98
JUNIN,2011,120000,12,1262042.0,840,260,321,197,19,8,66.56,20.6,25.43,15.61,1.51,0.63,66.56,20.6
JUNIN,2012,120000,12,1271184.0,876,350,341,290,33,20,68.91,27.53,26.83,22.81,2.6,1.57,68.91,27.53
JUNIN,2013,120000,12,1280326.0,1008,433,507,354,39,21,78.73,33.82,39.6,27.65,3.05,1.64,78.73,33.82
JUNIN,2014,120000,12,1289468.0,1351,709,409,403,23,24,104.77,54.98,31.72,31.25,1.78,1.86,104.77,54.98
JUNIN,2015,120000,12,1298610.0,664,605,287,382,15,0,51.13,46.59,22.1,29.42,1.16,0.0,51.13,46.59
JUNIN,2016,120000,12,1307752.0,385,485,218,411,11,19,29.44,37.09,16.67,31.43,0.84,1.45,29.44,37.09
JUNIN,2017,120000,12,1316894.0,495,438,328,291,18,11,37.59,33.26,24.91,22.1,1.37,0.84,37.59,33.26
JUNIN,2018,120000,12,1335139.0,681,572,523,476,23,27,51.01,42.84,39.17,35.65,1.72,2.02,51.01,42.84
JUNIN,2019,120000,12,1350021.0,527,497,338,291,16,19,39.04,36.81,25.04,21.56,1.19,1.41,39.04,36.81
JUNIN,2020,120000,12,1361467.0,131,445,73,187,2,6,9.62,32.69,5.36,13.74,0.15,0.44,9.62,32.69
JUNIN,2021,120000,12,1369003.0,167,806,56,409,4,43,12.2,58.87,4.09,29.88,0.29,3.14,12.2,58.87
JUNIN,2022,120000,12,1374221.0,433,614,233,406,13,127,31.51,44.68,16.96,29.54,0.95,9.24,31.51,44.68
JUNIN,2023,120000,12,1377838.0,677,834,401,482,23,55,49.13,60.53,29.1,34.98,1.67,3.99,49.13,60.53
LA LIBERTAD,2000,130000,13,1443656.0,3047,0,549,0,36,0,211.06,0.0,38.03,0.0,2.49,0.0,211.06,0.0
LA LIBERTAD,2001,130000,13,1468426.0,2895,0,502,0,26,0,197.15,0.0,34.19,0.0,1.77,0.0,197.15,0.0
LA LIBERTAD,2002,130000,13,1493197.0,2545,0,622,0,29,0,170.44,0.0,41.66,0.0,1.94,0.0,170.44,0.0
LA LIBERTAD,2003,130000,13,1517967.0,2420,0,636,0,18,0,159.42,0.0,41.9,0.0,1.19,0.0,159.42,0.0
LA LIBERTAD,2004,130000,13,1542738.0,2488,0,669,0,16,0,161.27,0.0,43.36,0.0,1.04,0.0,161.27,0.0
LA LIBERTAD,2005,130000,13,1567509.0,2014,0,556,0,6,0,128.48,0.0,35.47,0.0,0.38,0.0,128.48,0.0
LA LIBERTAD,2006,130000,13,1592279.0,2250,260,803,81,11,2,141.31,16.33,50.43,5.09,0.69,0.13,141.31,16.33
LA LIBERTAD,2007,130000,13,1617050.0,1605,689,688,191,5,6,99.25,42.61,42.55,11.81,0.31,0.37,99.25,42.61
LA LIBERTAD,2008,130000,13,1644242.0,1557,613,631,248,5,15,94.69,37.28,38.38,15.08,0.3,0.91,94.69,37.28
LA LIBERTAD,2009,130000,13,1671434.0,1198,544,508,252,11,13,71.67,32.55,30.39,15.08,0.66,0.78,71.67,32.55
LA LIBERTAD,2010,130000,13,1698627.0,1132,567,543,212,44,34,66.64,33.38,31.97,12.48,2.59,2.0,66.64,33.38
LA LIBERTAD,2011,130000,13,1725819.0,919,487,498,186,17,44,53.25,28.22,28.86,10.78,0.99,2.55,53.25,28.22
LA LIBERTAD,2012,130000,13,1753011.0,1054,888,456,348,14,197,60.13,50.66,26.01,19.85,0.8,11.24,60.13,50.66
LA LIBERTAD,2013,130000,13,1780203.0,1107,984,378,380,9,137,62.18,55.27,21.23,21.35,0.51,7.7,62.18,55.27
LA LIBERTAD,2014,130000,13,1807395.0,790,798,273,349,8,82,43.71,44.15,15.1,19.31,0.44,4.54,43.71,44.15
LA LIBERTAD,2015,130000,13,1834588.0,516,759,200,283,18,0,28.13,41.37,10.9,15.43,0.98,0.0,28.13,41.37
LA LIBERTAD,2016,130000,13,1861780.0,585,944,170,341,17,132,31.42,50.7,9.13,18.32,0.91,7.09,31.42,50.7
LA LIBERTAD,2017,130000,13,1888972.0,638,984,162,385,15,256,33.77,52.09,8.58,20.38,0.79,13.55,33.77,52.09
LA LIBERTAD,2018,130000,13,1938501.0,868,1070,387,381,10,64,44.78,55.2,19.96,19.65,0.52,3.3,44.78,55.2
LA LIBERTAD,2019,130000,13,1979901.0,729,970,411,539,15,85,36.82,48.99,20.76,27.22,0.76,4.29,36.82,48.99
LA LIBERTAD,2020,130000,13,2016771.0,243,1207,142,1038,3,656,12.05,59.85,7.04,51.47,0.15,32.53,12.05,59.85
LA LIBERTAD,2021,130000,13,2048492.0,134,1123,79,908,3,491,6.54,54.82,3.86,44.33,0.15,23.97,6.54,54.82
LA LIBERTAD,2022,130000,13,2077345.0,454,631,286,382,16,18,21.85,30.38,13.77,18.39,0.77,0.87,21.85,30.38
LA LIBERTAD,2023,130000,13,2104254.0,547,771,314,469,19,145,25.99,36.64,14.92,22.29,0.9,6.89,25.99,36.64
LAMBAYEQUE,2000,140000,14,1016832.0,2777,0,90,0,4,0,273.1,0.0,8.85,0.0,0.39,0.0,273.1,0.0
LAMBAYEQUE,2001,140000,14,1030551.0,1562,0,53,0,3,0,151.57,0.0,5.14,0.0,0.29,0.0,151.57,0.0
LAMBAYEQUE,2002,140000,14,1044270.0,1666,0,144,0,2,0,159.54,0.0,13.79,0.0,0.19,0.0,159.54,0.0
LAMBAYEQUE,2003,140000,14,1057990.0,1302,0,99,0,0,0,123.06,0.0,9.36,0.0,0.0,0.0,123.06,0.0
LAMBAYEQUE,2004,140000,14,1071710.0,808,0,27,0,2,0,75.39,0.0,2.52,0.0,0.19,0.0,75.39,0.0
LAMBAYEQUE,2005,140000,14,1085429.0,1016,0,9,0,2,0,93.6,0.0,0.83,0.0,0.18,0.0,93.6,0.0
LAMBAYEQUE,2006,140000,14,1099148.0,1172,4,7,1,0,0,106.63,0.36,0.64,0.09,0.0,0.0,106.63,0.36
LAMBAYEQUE,2007,140000,14,1112868.0,837,34,16,4,3,0,75.21,3.06,1.44,0.36,0.27,0.0,75.21,3.06
LAMBAYEQUE,2008,140000,14,1126063.0,823,10,19,0,1,0,73.09,0.89,1.69,0.0,0.09,0.0,73.09,0.89
LAMBAYEQUE,2009,140000,14,1139259.0,893,13,17,4,11,0,78.38,1.14,1.49,0.35,0.97,0.0,78.38,1.14
LAMBAYEQUE,2010,140000,14,1152454.0,702,39,28,4,3,0,60.91,3.38,2.43,0.35,0.26,0.0,60.91,3.38
LAMBAYEQUE,2011,140000,14,1165649.0,608,27,21,5,5,0,52.16,2.32,1.8,0.43,0.43,0.0,52.16,2.32
LAMBAYEQUE,2012,140000,14,1178844.0,687,34,20,9,3,1,58.28,2.88,1.7,0.76,0.25,0.08,58.28,2.88
LAMBAYEQUE,2013,140000,14,1192040.0,901,185,190,88,3,2,75.58,15.52,15.94,7.38,0.25,0.17,75.58,15.52
LAMBAYEQUE,2014,140000,14,1205235.0,587,130,133,73,1,0,48.7,10.79,11.04,6.06,0.08,0.0,48.7,10.79
LAMBAYEQUE,2015,140000,14,1218430.0,593,54,114,48,1,0,48.67,4.43,9.36,3.94,0.08,0.0,48.67,4.43
LAMBAYEQUE,2016,140000,14,1231626.0,375,78,76,47,3,0,30.45,6.33,6.17,3.82,0.24,0.0,30.45,6.33
LAMBAYEQUE,2017,140000,14,1244821.0,326,132,41,29,6,4,26.19,10.6,3.29,2.33,0.48,0.32,26.19,10.6
LAMBAYEQUE,2018,140000,14,1270295.0,406,175,90,46,0,4,31.96,13.78,7.08,3.62,0.0,0.31,31.96,13.78
LAMBAYEQUE,2019,140000,14,1292105.0,687,651,10,27,0,2,53.17,50.38,0.77,2.09,0.0,0.15,53.17,50.38
LAMBAYEQUE,2020,140000,14,1310785.0,242,540,23,296,0,5,18.46,41.2,1.75,22.58,0.0,0.38,18.46,41.2
LAMBAYEQUE,2021,140000,14,1325912.0,293,614,71,501,0,65,22.1,46.31,5.35,37.79,0.0,4.9,22.1,46.31
LAMBAYEQUE,2022,140000,14,1338994.0,360,241,91,68,2,2,26.89,18.0,6.8,5.08,0.15,0.15,26.89,18.0
LAMBAYEQUE,2023,140000,14,1350663.0,562,582,69,51,0,3,41.61,43.09,5.11,3.78,0.0,0.22,41.61,43.09
LIMA ,2000,150000,15,7415760.0,6079,0,2023,0,63,0,81.97,0.0,27.28,0.0,0.85,0.0,81.97,0.0
LIMA ,2001,150000,15,7562824.0,7172,0,2378,0,96,0,94.83,0.0,31.44,0.0,1.27,0.0,94.83,0.0
LIMA ,2002,150000,15,7709888.0,5636,0,2951,0,73,0,73.1,0.0,38.28,0.0,0.95,0.0,73.1,0.0
LIMA ,2003,150000,15,7856953.0,7779,0,3369,0,53,0,99.01,0.0,42.88,0.0,0.67,0.0,99.01,0.0
LIMA ,2004,150000,15,8004018.0,8886,0,3817,0,60,0,111.02,0.0,47.69,0.0,0.75,0.0,111.02,0.0
LIMA ,2005,150000,15,8151082.0,8613,0,3301,0,85,0,105.67,0.0,40.5,0.0,1.04,0.0,105.67,0.0
LIMA ,2006,150000,15,8298146.0,11147,415,3488,134,68,19,134.33,5.0,42.03,1.61,0.82,0.23,134.33,5.0
LIMA ,2007,150000,15,8445211.0,11239,749,4211,264,56,54,133.08,8.87,49.86,3.13,0.66,0.64,133.08,8.87
LIMA ,2008,150000,15,8614191.0,10161,850,3920,260,28,40,117.96,9.87,45.51,3.02,0.33,0.46,117.96,9.87
LIMA ,2009,150000,15,8783171.0,8920,880,3692,317,26,66,101.56,10.02,42.03,3.61,0.3,0.75,101.56,10.02
LIMA ,2010,150000,15,8952150.0,7858,1130,3290,538,15,69,87.78,12.62,36.75,6.01,0.17,0.77,87.78,12.62
LIMA ,2011,150000,15,9121130.0,7462,1500,3268,905,15,141,81.81,16.45,35.83,9.92,0.16,1.55,81.81,16.45
LIMA ,2012,150000,15,9290110.0,8150,1876,3568,1030,26,203,87.73,20.19,38.41,11.09,0.28,2.19,87.73,20.19
LIMA ,2013,150000,15,9459090.0,7783,1870,3281,786,29,247,82.28,19.77,34.69,8.31,0.31,2.61,82.28,19.77
LIMA ,2014,150000,15,9628070.0,7589,2018,3291,846,18,276,78.82,20.96,34.18,8.79,0.19,2.87,78.82,20.96
LIMA ,2015,150000,15,9797049.0,8099,2906,2956,1026,15,20,82.67,29.66,30.17,10.47,0.15,0.2,82.67,29.66
LIMA ,2016,150000,15,9966029.0,10415,4346,3472,1640,38,572,104.51,43.61,34.84,16.46,0.38,5.74,104.51,43.61
LIMA ,2017,150000,15,10135009.0,10813,5236,3346,1802,21,598,106.69,51.66,33.01,17.78,0.21,5.9,106.69,51.66
LIMA ,2018,150000,15,10180641.0,9759,5936,3247,1913,30,427,95.86,58.31,31.89,18.79,0.29,4.19,95.86,58.31
LIMA ,2019,150000,15,10416139.0,9293,6255,3538,1822,16,452,89.22,60.05,33.97,17.49,0.15,4.34,89.22,60.05
LIMA ,2020,150000,15,10628470.0,2392,6327,853,2230,5,796,22.51,59.53,8.03,20.98,0.05,7.49,22.51,59.53
LIMA ,2021,150000,15,10814450.0,3240,10372,831,3080,10,1598,29.96,95.91,7.68,28.48,0.09,14.78,29.96,95.91
LIMA ,2022,150000,15,10986006.0,6649,7968,1649,2052,15,692,60.52,72.53,15.01,18.68,0.14,6.3,60.52,72.53
LIMA ,2023,150000,15,11147924.0,10732,12042,3284,2077,10,724,96.27,108.02,29.46,18.63,0.09,6.49,96.27,108.02
LORETO,2000,160000,16,789507.0,4757,0,1105,0,40,0,602.53,0.0,139.96,0.0,5.07,0.0,602.53,0.0
LORETO,2001,160000,16,804111.0,3608,0,894,0,45,0,448.69,0.0,111.18,0.0,5.6,0.0,448.69,0.0
LORETO,2002,160000,16,818714.0,4183,0,876,0,37,0,510.92,0.0,107.0,0.0,4.52,0.0,510.92,0.0
LORETO,2003,160000,16,833318.0,4517,0,858,0,41,0,542.05,0.0,102.96,0.0,4.92,0.0,542.05,0.0
LORETO,2004,160000,16,847921.0,3556,0,599,0,21,0,419.38,0.0,70.64,0.0,2.48,0.0,419.38,0.0
LORETO,2005,160000,16,862525.0,4354,0,988,0,35,0,504.8,0.0,114.55,0.0,4.06,0.0,504.8,0.0
LORETO,2006,160000,16,877128.0,4400,248,984,39,24,1,501.64,28.27,112.18,4.45,2.74,0.11,501.64,28.27
LORETO,2007,160000,16,891732.0,4352,168,1220,58,8,1,488.04,18.84,136.81,6.5,0.9,0.11,488.04,18.84
LORETO,2008,160000,16,900748.0,3147,349,1069,124,24,4,349.38,38.75,118.68,13.77,2.66,0.44,349.38,38.75
LORETO,2009,160000,16,909765.0,4276,383,1460,232,31,12,470.01,42.1,160.48,25.5,3.41,1.32,470.01,42.1
LORETO,2010,160000,16,918782.0,3594,188,1330,104,47,1,391.17,20.46,144.76,11.32,5.12,0.11,391.17,20.46
LORETO,2011,160000,16,927798.0,3717,235,1193,101,60,7,400.63,25.33,128.58,10.89,6.47,0.75,400.63,25.33
LORETO,2012,160000,16,936814.0,3278,281,985,181,68,14,349.91,30.0,105.14,19.32,7.26,1.49,349.91,30.0
LORETO,2013,160000,16,945831.0,2667,272,909,221,63,12,281.97,28.76,96.11,23.37,6.66,1.27,281.97,28.76
LORETO,2014,160000,16,954848.0,2203,332,736,246,27,9,230.72,34.77,77.08,25.76,2.83,0.94,230.72,34.77
LORETO,2015,160000,16,963864.0,2238,397,576,248,32,4,232.19,41.19,59.76,25.73,3.32,0.41,232.19,41.19
LORETO,2016,160000,16,972880.0,1789,479,418,223,29,5,183.89,49.24,42.97,22.92,2.98,0.51,183.89,49.24
LORETO,2017,160000,16,981897.0,1507,439,381,142,21,20,153.48,44.71,38.8,14.46,2.14,2.04,153.48,44.71
LORETO,2018,160000,16,1000350.0,2270,481,609,169,37,9,226.92,48.08,60.88,16.89,3.7,0.9,226.92,48.08
LORETO,2019,160000,16,1015212.0,2019,506,452,215,19,15,198.87,49.84,44.52,21.18,1.87,1.48,198.87,49.84
LORETO,2020,160000,16,1027559.0,920,372,186,100,14,13,89.53,36.2,18.1,9.73,1.36,1.27,89.53,36.2
LORETO,2021,160000,16,1037055.0,1013,641,181,70,14,25,97.68,61.81,17.45,6.75,1.35,2.41,97.68,61.81
LORETO,2022,160000,16,1044884.0,2079,1011,440,251,37,92,198.97,96.76,42.11,24.02,3.54,8.8,198.97,96.76
LORETO,2023,160000,16,1051560.0,3143,1948,701,204,37,38,298.89,185.25,66.66,19.4,3.52,3.61,298.89,185.25
MADRE DE DIOS,2000,170000,17,88282.0,449,0,92,0,5,0,508.6,0.0,104.21,0.0,5.66,0.0,508.6,0.0
MADRE DE DIOS,2001,170000,17,91321.0,384,0,106,0,6,0,420.49,0.0,116.07,0.0,6.57,0.0,420.49,0.0
MADRE DE DIOS,2002,170000,17,94360.0,244,0,63,0,3,0,258.58,0.0,66.77,0.0,3.18,0.0,258.58,0.0
MADRE DE DIOS,2003,170000,17,97399.0,191,0,51,0,1,0,196.1,0.0,52.36,0.0,1.03,0.0,196.1,0.0
MADRE DE DIOS,2004,170000,17,100438.0,214,0,36,0,11,0,213.07,0.0,35.84,0.0,10.95,0.0,213.07,0.0
MADRE DE DIOS,2005,170000,17,103477.0,241,0,23,0,2,0,232.9,0.0,22.23,0.0,1.93,0.0,232.9,0.0
MADRE DE DIOS,2006,170000,17,106516.0,237,29,28,15,4,1,222.5,27.23,26.29,14.08,3.76,0.94,222.5,27.23
MADRE DE DIOS,2007,170000,17,109555.0,330,24,48,19,0,0,301.22,21.91,43.81,17.34,0.0,0.0,301.22,21.91
MADRE DE DIOS,2008,170000,17,114720.0,220,35,58,5,2,1,191.77,30.51,50.56,4.36,1.74,0.87,191.77,30.51
MADRE DE DIOS,2009,170000,17,119885.0,250,22,29,14,0,0,208.53,18.35,24.19,11.68,0.0,0.0,208.53,18.35
MADRE DE DIOS,2010,170000,17,125050.0,250,11,65,10,0,0,199.92,8.8,51.98,8.0,0.0,0.0,199.92,8.8
MADRE DE DIOS,2011,170000,17,130215.0,249,10,42,6,1,2,191.22,7.68,32.25,4.61,0.77,1.54,191.22,7.68
MADRE DE DIOS,2012,170000,17,135380.0,264,21,87,9,4,1,195.01,15.51,64.26,6.65,2.95,0.74,195.01,15.51
MADRE DE DIOS,2013,170000,17,140544.0,161,37,46,15,0,0,114.55,26.33,32.73,10.67,0.0,0.0,114.55,26.33
MADRE DE DIOS,2014,170000,17,145709.0,123,41,26,24,2,1,84.41,28.14,17.84,16.47,1.37,0.69,84.41,28.14
MADRE DE DIOS,2015,170000,17,150874.0,136,45,45,27,1,0,90.14,29.83,29.83,17.9,0.66,0.0,90.14,29.83
MADRE DE DIOS,2016,170000,17,156039.0,240,34,103,22,1,0,153.81,21.79,66.01,14.1,0.64,0.0,153.81,21.79
MADRE DE DIOS,2017,170000,17,161204.0,271,43,128,26,2,3,168.11,26.67,79.4,16.13,1.24,1.86,168.11,26.67
MADRE DE DIOS,2018,170000,17,161324.0,285,89,141,43,1,3,176.66,55.17,87.4,26.65,0.62,1.86,176.66,55.17
MADRE DE DIOS,2019,170000,17,167674.0,265,137,134,76,1,3,158.04,81.71,79.92,45.33,0.6,1.79,158.04,81.71
MADRE DE DIOS,2020,170000,17,173811.0,57,22,34,15,1,1,32.79,12.66,19.56,8.63,0.58,0.58,32.79,12.66
MADRE DE DIOS,2021,170000,17,179688.0,173,111,58,92,1,18,96.28,61.77,32.28,51.2,0.56,10.02,96.28,61.77
MADRE DE DIOS,2022,170000,17,185478.0,345,101,182,94,1,16,186.01,54.45,98.12,50.68,0.54,8.63,186.01,54.45
MADRE DE DIOS,2023,170000,17,191259.0,232,176,80,82,1,6,121.3,92.02,41.83,42.87,0.52,3.14,121.3,92.02
MOQUEGUA,2000,180000,18,145140.0,298,0,86,0,3,0,205.32,0.0,59.25,0.0,2.07,0.0,205.32,0.0
MOQUEGUA,2001,180000,18,147482.0,205,0,96,0,7,0,139.0,0.0,65.09,0.0,4.75,0.0,139.0,0.0
MOQUEGUA,2002,180000,18,149824.0,174,0,124,0,6,0,116.14,0.0,82.76,0.0,4.0,0.0,116.14,0.0
MOQUEGUA,2003,180000,18,152166.0,194,0,78,0,9,0,127.49,0.0,51.26,0.0,5.91,0.0,127.49,0.0
MOQUEGUA,2004,180000,18,154507.0,206,0,69,0,10,0,133.33,0.0,44.66,0.0,6.47,0.0,133.33,0.0
MOQUEGUA,2005,180000,18,156849.0,216,0,95,0,7,0,137.71,0.0,60.57,0.0,4.46,0.0,137.71,0.0
MOQUEGUA,2006,180000,18,159191.0,214,24,135,4,5,2,134.43,15.08,84.8,2.51,3.14,1.26,134.43,15.08
MOQUEGUA,2007,180000,18,161533.0,176,70,77,38,2,4,108.96,43.33,47.67,23.52,1.24,2.48,108.96,43.33
MOQUEGUA,2008,180000,18,163581.0,150,72,93,32,0,6,91.7,44.01,56.85,19.56,0.0,3.67,91.7,44.01
MOQUEGUA,2009,180000,18,165630.0,212,70,146,49,1,10,128.0,42.26,88.15,29.58,0.6,6.04,128.0,42.26
MOQUEGUA,2010,180000,18,167678.0,179,76,112,52,0,11,106.75,45.32,66.79,31.01,0.0,6.56,106.75,45.32
MOQUEGUA,2011,180000,18,169727.0,162,81,114,65,2,8,95.45,47.72,67.17,38.3,1.18,4.71,95.45,47.72
MOQUEGUA,2012,180000,18,171775.0,181,131,115,92,3,8,105.37,76.26,66.95,53.56,1.75,4.66,105.37,76.26
MOQUEGUA,2013,180000,18,173823.0,220,93,133,76,0,4,126.57,53.5,76.51,43.72,0.0,2.3,126.57,53.5
MOQUEGUA,2014,180000,18,175872.0,104,107,70,66,0,6,59.13,60.84,39.8,37.53,0.0,3.41,59.13,60.84
MOQUEGUA,2015,180000,18,177920.0,85,137,58,102,0,0,47.77,77.0,32.6,57.33,0.0,0.0,47.77,77.0
MOQUEGUA,2016,180000,18,179969.0,89,148,53,93,1,4,49.45,82.24,29.45,51.68,0.56,2.22,49.45,82.24
MOQUEGUA,2017,180000,18,182017.0,106,222,60,134,3,20,58.24,121.97,32.96,73.62,1.65,10.99,58.24,121.97
MOQUEGUA,2018,180000,18,186371.0,122,240,74,130,1,27,65.46,128.78,39.71,69.75,0.54,14.49,65.46,128.78
MOQUEGUA,2019,180000,18,189781.0,146,257,92,181,0,33,76.93,135.42,48.48,95.37,0.0,17.39,76.93,135.42
MOQUEGUA,2020,180000,18,192740.0,17,339,12,198,0,71,8.82,175.88,6.23,102.73,0.0,36.84,8.82,175.88
MOQUEGUA,2021,180000,18,195185.0,5,440,3,363,1,85,2.56,225.43,1.54,185.98,0.51,43.55,2.56,225.43
MOQUEGUA,2022,180000,18,197337.0,50,405,28,132,0,30,25.34,205.23,14.19,66.89,0.0,15.2,25.34,205.23
MOQUEGUA,2023,180000,18,199286.0,134,222,90,123,0,8,67.24,111.4,45.16,61.72,0.0,4.01,67.24,111.4
PASCO,2000,190000,19,253372.0,1161,0,230,0,20,0,458.22,0.0,90.78,0.0,7.89,0.0,458.22,0.0
PASCO,2001,190000,19,257240.0,982,0,182,0,12,0,381.74,0.0,70.75,0.0,4.66,0.0,381.74,0.0
PASCO,2002,190000,19,261108.0,908,0,197,0,13,0,347.75,0.0,75.45,0.0,4.98,0.0,347.75,0.0
PASCO,2003,190000,19,264976.0,761,0,268,0,14,0,287.2,0.0,101.14,0.0,5.28,0.0,287.2,0.0
PASCO,2004,190000,19,268845.0,901,0,428,0,12,0,335.14,0.0,159.2,0.0,4.46,0.0,335.14,0.0
PASCO,2005,190000,19,272713.0,741,0,356,0,11,0,271.71,0.0,130.54,0.0,4.03,0.0,271.71,0.0
PASCO,2006,190000,19,276581.0,935,30,468,2,10,0,338.06,10.85,169.21,0.72,3.62,0.0,338.06,10.85
PASCO,2007,190000,19,280449.0,967,117,422,43,18,2,344.8,41.72,150.47,15.33,6.42,0.71,344.8,41.72
PASCO,2008,190000,19,279618.0,917,116,432,36,11,1,327.95,41.49,154.5,12.87,3.93,0.36,327.95,41.49
PASCO,2009,190000,19,278786.0,743,151,408,71,16,2,266.51,54.16,146.35,25.47,5.74,0.72,266.51,54.16
PASCO,2010,190000,19,277955.0,822,162,336,82,10,7,295.73,58.28,120.88,29.5,3.6,2.52,295.73,58.28
PASCO,2011,190000,19,277124.0,681,143,328,80,7,2,245.74,51.6,118.36,28.87,2.53,0.72,245.74,51.6
PASCO,2012,190000,19,276292.0,640,125,288,83,12,11,231.64,45.24,104.24,30.04,4.34,3.98,231.64,45.24
PASCO,2013,190000,19,275461.0,506,177,233,111,13,12,183.69,64.26,84.59,40.3,4.72,4.36,183.69,64.26
PASCO,2014,190000,19,274630.0,344,109,122,78,7,2,125.26,39.69,44.42,28.4,2.55,0.73,125.26,39.69
PASCO,2015,190000,19,273799.0,369,132,194,91,12,0,134.77,48.21,70.85,33.24,4.38,0.0,134.77,48.21
PASCO,2016,190000,19,272967.0,297,112,154,62,4,2,108.8,41.03,56.42,22.71,1.47,0.73,108.8,41.03
PASCO,2017,190000,19,272136.0,341,125,176,72,4,4,125.3,45.93,64.67,26.46,1.47,1.47,125.3,45.93
PASCO,2018,190000,19,271704.0,355,185,181,106,8,1,130.66,68.09,66.62,39.01,2.94,0.37,130.66,68.09
PASCO,2019,190000,19,272157.0,330,144,151,107,6,1,121.25,52.91,55.48,39.32,2.2,0.37,121.25,52.91
PASCO,2020,190000,19,271904.0,100,268,45,144,3,1,36.78,98.56,16.55,52.96,1.1,0.37,36.78,98.56
PASCO,2021,190000,19,270842.0,102,346,41,171,1,41,37.66,127.75,15.14,63.14,0.37,15.14,37.66,127.75
PASCO,2022,190000,19,269296.0,170,179,80,68,5,8,63.13,66.47,29.71,25.25,1.86,2.97,63.13,66.47
PASCO,2023,190000,19,267425.0,152,283,66,71,5,5,56.84,105.82,24.68,26.55,1.87,1.87,56.84,105.82
PIURA,2000,200000,20,1532290.0,5294,0,782,0,48,0,345.5,0.0,51.03,0.0,3.13,0.0,345.5,0.0
PIURA,2001,200000,20,1552865.0,3790,0,695,0,31,0,244.07,0.0,44.76,0.0,2.0,0.0,244.07,0.0
PIURA,2002,200000,20,1573440.0,5295,0,1032,0,57,0,336.52,0.0,65.59,0.0,3.62,0.0,336.52,0.0
PIURA,2003,200000,20,1594015.0,3890,0,884,0,26,0,244.04,0.0,55.46,0.0,1.63,0.0,244.04,0.0
PIURA,2004,200000,20,1614590.0,3619,0,939,0,54,0,224.14,0.0,58.16,0.0,3.34,0.0,224.14,0.0
PIURA,2005,200000,20,1635165.0,3005,0,802,0,35,0,183.77,0.0,49.05,0.0,2.14,0.0,183.77,0.0
PIURA,2006,200000,20,1655740.0,3101,28,916,18,18,2,187.29,1.69,55.32,1.09,1.09,0.12,187.29,1.69
PIURA,2007,200000,20,1676315.0,2698,92,860,27,22,0,160.95,5.49,51.3,1.61,1.31,0.0,160.95,5.49
PIURA,2008,200000,20,1701680.0,2538,168,712,27,15,0,149.15,9.87,41.84,1.59,0.88,0.0,149.15,9.87
PIURA,2009,200000,20,1727046.0,2234,157,685,30,12,0,129.35,9.09,39.66,1.74,0.69,0.0,129.35,9.09
PIURA,2010,200000,20,1752412.0,2155,343,626,95,14,0,122.97,19.57,35.72,5.42,0.8,0.0,122.97,19.57
PIURA,2011,200000,20,1777777.0,2188,478,645,106,11,1,123.08,26.89,36.28,5.96,0.62,0.06,123.08,26.89
PIURA,2012,200000,20,1803142.0,2149,668,709,186,6,4,119.18,37.05,39.32,10.32,0.33,0.22,119.18,37.05
PIURA,2013,200000,20,1828508.0,1950,732,580,178,9,13,106.64,40.03,31.72,9.73,0.49,0.71,106.64,40.03
PIURA,2014,200000,20,1853874.0,1695,487,524,139,13,20,91.43,26.27,28.27,7.5,0.7,1.08,91.43,26.27
PIURA,2015,200000,20,1879239.0,1706,651,475,138,6,0,90.78,34.64,25.28,7.34,0.32,0.0,90.78,34.64
PIURA,2016,200000,20,1904604.0,1514,1281,399,224,8,66,79.49,67.26,20.95,11.76,0.42,3.47,79.49,67.26
PIURA,2017,200000,20,1929970.0,1360,1691,471,328,5,65,70.47,87.62,24.4,17.0,0.26,3.37,70.47,87.62
PIURA,2018,200000,20,1971744.0,1272,1659,417,222,11,57,64.51,84.14,21.15,11.26,0.56,2.89,64.51,84.14
PIURA,2019,200000,20,2013517.0,1170,1944,374,318,11,64,58.11,96.55,18.57,15.79,0.55,3.18,58.11,96.55
PIURA,2020,200000,20,2047954.0,489,3528,119,2225,6,190,23.88,172.27,5.81,108.65,0.29,9.28,23.88,172.27
PIURA,2021,200000,20,2077039.0,714,4683,106,3226,2,1787,34.38,225.47,5.1,155.32,0.1,86.04,34.38,225.47
PIURA,2022,200000,20,2103099.0,2111,1823,242,719,1,174,100.38,86.68,11.51,34.19,0.05,8.27,100.38,86.68
PIURA,2023,200000,20,2127093.0,2375,2423,397,829,7,90,111.65,113.91,18.66,38.97,0.33,4.23,111.65,113.91
PUNO,2000,210000,21,1174145.0,4180,0,951,0,64,0,356.0,0.0,81.0,0.0,5.45,0.0,356.0,0.0
PUNO,2001,210000,21,1187616.0,3162,0,628,0,47,0,266.25,0.0,52.88,0.0,3.96,0.0,266.25,0.0
PUNO,2002,210000,21,1201087.0,2831,0,531,0,121,0,235.7,0.0,44.21,0.0,10.07,0.0,235.7,0.0
PUNO,2003,210000,21,1214558.0,2619,0,556,0,98,0,215.63,0.0,45.78,0.0,8.07,0.0,215.63,0.0
PUNO,2004,210000,21,1228028.0,1751,0,495,0,58,0,142.59,0.0,40.31,0.0,4.72,0.0,142.59,0.0
PUNO,2005,210000,21,1241499.0,1877,0,554,0,93,0,151.19,0.0,44.62,0.0,7.49,0.0,151.19,0.0
PUNO,2006,210000,21,1254970.0,2024,1,604,1,80,0,161.28,0.08,48.13,0.08,6.37,0.0,161.28,0.08
PUNO,2007,210000,21,1268441.0,1948,320,666,86,63,45,153.57,25.23,52.51,6.78,4.97,3.55,153.57,25.23
PUNO,2008,210000,21,1264290.0,1534,379,571,82,91,52,121.33,29.98,45.16,6.49,7.2,4.11,121.33,29.98
PUNO,2009,210000,21,1260140.0,1664,336,592,93,91,38,132.05,26.66,46.98,7.38,7.22,3.02,132.05,26.66
PUNO,2010,210000,21,1255990.0,1763,649,655,164,111,128,140.37,51.67,52.15,13.06,8.84,10.19,140.37,51.67
PUNO,2011,210000,21,1251839.0,1372,643,494,226,58,129,109.6,51.36,39.46,18.05,4.63,10.3,109.6,51.36
PUNO,2012,210000,21,1247688.0,1362,725,601,242,59,72,109.16,58.11,48.17,19.4,4.73,5.77,109.16,58.11
PUNO,2013,210000,21,1243538.0,1343,718,503,186,48,28,108.0,57.74,40.45,14.96,3.86,2.25,108.0,57.74
PUNO,2014,210000,21,1239388.0,729,640,184,175,35,31,58.82,51.64,14.85,14.12,2.82,2.5,58.82,51.64
PUNO,2015,210000,21,1235237.0,820,665,218,235,29,40,66.38,53.84,17.65,19.02,2.35,3.24,66.38,53.84
PUNO,2016,210000,21,1231086.0,952,803,194,278,21,47,77.33,65.23,15.76,22.58,1.71,3.82,77.33,65.23
PUNO,2017,210000,21,1226936.0,872,876,205,286,35,33,71.07,71.4,16.71,23.31,2.85,2.69,71.07,71.4
PUNO,2018,210000,21,1236836.0,1363,1038,313,354,29,45,110.2,83.92,25.31,28.62,2.34,3.64,110.2,83.92
PUNO,2019,210000,21,1239022.0,1023,912,277,351,9,36,82.57,73.61,22.36,28.33,0.73,2.91,82.57,73.61
PUNO,2020,210000,21,1237997.0,201,582,62,265,6,25,16.24,47.01,5.01,21.41,0.48,2.02,16.24,47.01
PUNO,2021,210000,21,1233277.0,223,473,67,205,5,37,18.08,38.35,5.43,16.62,0.41,3.0,18.08,38.35
PUNO,2022,210000,21,1226353.0,1097,561,271,282,16,23,89.45,45.75,22.1,23.0,1.3,1.88,89.45,45.75
PUNO,2023,210000,21,1217951.0,1739,883,484,433,18,32,142.78,72.5,39.74,35.55,1.48,2.63,142.78,72.5
SAN MARTIN,2000,220000,22,640598.0,2401,0,598,0,20,0,374.81,0.0,93.35,0.0,3.12,0.0,374.81,0.0
SAN MARTIN,2001,220000,22,653199.0,1456,0,332,0,10,0,222.9,0.0,50.83,0.0,1.53,0.0,222.9,0.0
SAN MARTIN,2002,220000,22,665800.0,1354,0,313,0,12,0,203.36,0.0,47.01,0.0,1.8,0.0,203.36,0.0
SAN MARTIN,2003,220000,22,678402.0,1289,0,300,0,11,0,190.01,0.0,44.22,0.0,1.62,0.0,190.01,0.0
SAN MARTIN,2004,220000,22,691004.0,1016,0,313,0,10,0,147.03,0.0,45.3,0.0,1.45,0.0,147.03,0.0
SAN MARTIN,2005,220000,22,703605.0,1040,0,306,0,3,0,147.81,0.0,43.49,0.0,0.43,0.0,147.81,0.0
SAN MARTIN,2006,220000,22,716206.0,1159,2,374,2,4,1,161.82,0.28,52.22,0.28,0.56,0.14,161.82,0.28
SAN MARTIN,2007,220000,22,728808.0,1252,32,415,14,9,0,171.79,4.39,56.94,1.92,1.23,0.0,171.79,4.39
SAN MARTIN,2008,220000,22,742173.0,1140,38,417,6,0,0,153.6,5.12,56.19,0.81,0.0,0.0,153.6,5.12
SAN MARTIN,2009,220000,22,755538.0,1016,47,310,25,7,1,134.47,6.22,41.03,3.31,0.93,0.13,134.47,6.22
SAN MARTIN,2010,220000,22,768903.0,982,133,388,89,8,7,127.71,17.3,50.46,11.57,1.04,0.91,127.71,17.3
SAN MARTIN,2011,220000,22,782268.0,923,139,338,96,10,8,117.99,17.77,43.21,12.27,1.28,1.02,117.99,17.77
SAN MARTIN,2012,220000,22,795634.0,607,80,128,37,1,1,76.29,10.05,16.09,4.65,0.13,0.13,76.29,10.05
SAN MARTIN,2013,220000,22,808999.0,805,112,166,67,5,0,99.51,13.84,20.52,8.28,0.62,0.0,99.51,13.84
SAN MARTIN,2014,220000,22,822364.0,879,106,142,55,3,1,106.89,12.89,17.27,6.69,0.36,0.12,106.89,12.89
SAN MARTIN,2015,220000,22,835729.0,537,121,129,64,6,0,64.26,14.48,15.44,7.66,0.72,0.0,64.26,14.48
SAN MARTIN,2016,220000,22,849094.0,401,143,117,82,4,4,47.23,16.84,13.78,9.66,0.47,0.47,47.23,16.84
SAN MARTIN,2017,220000,22,862459.0,395,144,85,87,2,4,45.8,16.7,9.86,10.09,0.23,0.46,45.8,16.7
SAN MARTIN,2018,220000,22,866861.0,478,198,140,98,1,0,55.14,22.84,16.15,11.31,0.12,0.0,55.14,22.84
SAN MARTIN,2019,220000,22,884283.0,430,235,148,140,3,3,48.63,26.58,16.74,15.83,0.34,0.34,48.63,26.58
SAN MARTIN,2020,220000,22,899648.0,186,495,86,384,6,125,20.67,55.02,9.56,42.68,0.67,13.89,20.67,55.02
SAN MARTIN,2021,220000,22,912674.0,317,866,79,642,8,180,34.73,94.89,8.66,70.34,0.88,19.72,34.73,94.89
SAN MARTIN,2022,220000,22,924384.0,871,749,324,499,18,99,94.22,81.03,35.05,53.98,1.95,10.71,94.22,81.03
SAN MARTIN,2023,220000,22,935194.0,905,753,352,392,11,80,96.77,80.52,37.64,41.92,1.18,8.55,96.77,80.52
TACNA,2000,230000,23,253567.0,325,0,1,0,0,0,128.17,0.0,0.39,0.0,0.0,0.0,128.17,0.0
TACNA,2001,230000,23,258598.0,258,0,0,0,8,0,99.77,0.0,0.0,0.0,3.09,0.0,99.77,0.0
TACNA,2002,230000,23,263628.0,233,0,22,0,0,0,88.38,0.0,8.35,0.0,0.0,0.0,88.38,0.0
TACNA,2003,230000,23,268659.0,376,0,4,0,1,0,139.95,0.0,1.49,0.0,0.37,0.0,139.95,0.0
TACNA,2004,230000,23,273689.0,287,0,7,0,0,0,104.86,0.0,2.56,0.0,0.0,0.0,104.86,0.0
TACNA,2005,230000,23,278720.0,271,0,56,0,0,0,97.23,0.0,20.09,0.0,0.0,0.0,97.23,0.0
TACNA,2006,230000,23,283750.0,293,0,14,0,0,0,103.26,0.0,4.93,0.0,0.0,0.0,103.26,0.0
TACNA,2007,230000,23,288781.0,276,6,2,3,0,5,95.57,2.08,0.69,1.04,0.0,1.73,95.57,2.08
TACNA,2008,230000,23,294808.0,161,18,2,0,0,0,54.61,6.11,0.68,0.0,0.0,0.0,54.61,6.11
TACNA,2009,230000,23,300836.0,162,62,5,24,0,1,53.85,20.61,1.66,7.98,0.0,0.33,53.85,20.61
TACNA,2010,230000,23,306864.0,202,90,41,66,0,5,65.83,29.33,13.36,21.51,0.0,1.63,65.83,29.33
TACNA,2011,230000,23,312891.0,122,131,28,102,4,39,38.99,41.87,8.95,32.6,1.28,12.46,38.99,41.87
TACNA,2012,230000,23,318918.0,104,74,44,66,3,47,32.61,23.2,13.8,20.69,0.94,14.74,32.61,23.2
TACNA,2013,230000,23,324946.0,111,30,51,25,3,18,34.16,9.23,15.69,7.69,0.92,5.54,34.16,9.23
TACNA,2014,230000,23,330974.0,87,54,47,39,3,13,26.29,16.32,14.2,11.78,0.91,3.93,26.29,16.32
TACNA,2015,230000,23,337001.0,70,35,35,24,0,0,20.77,10.39,10.39,7.12,0.0,0.0,20.77,10.39
TACNA,2016,230000,23,343028.0,55,47,10,10,1,2,16.03,13.7,2.92,2.92,0.29,0.58,16.03,13.7
TACNA,2017,230000,23,349056.0,47,45,15,37,4,3,13.46,12.89,4.3,10.6,1.15,0.86,13.46,12.89
TACNA,2018,230000,23,354644.0,78,119,12,96,3,23,21.99,33.55,3.38,27.07,0.85,6.49,21.99,33.55
TACNA,2019,230000,23,363205.0,51,100,13,94,1,12,14.04,27.53,3.58,25.88,0.28,3.3,14.04,27.53
TACNA,2020,230000,23,370974.0,9,144,3,133,0,7,2.43,38.82,0.81,35.85,0.0,1.89,2.43,38.82
TACNA,2021,230000,23,377842.0,13,129,3,97,0,2,3.44,34.14,0.79,25.67,0.0,0.53,3.44,34.14
TACNA,2022,230000,23,384222.0,79,153,38,132,0,3,20.56,39.82,9.89,34.36,0.0,0.78,20.56,39.82
TACNA,2023,230000,23,390279.0,106,69,94,25,0,4,27.16,17.68,24.09,6.41,0.0,1.02,27.16,17.68
TUMBES,2000,240000,24,177914.0,327,0,35,0,0,0,183.8,0.0,19.67,0.0,0.0,0.0,183.8,0.0
TUMBES,2001,240000,24,181112.0,169,0,49,0,3,0,93.31,0.0,27.06,0.0,1.66,0.0,93.31,0.0
TUMBES,2002,240000,24,184311.0,163,0,34,0,1,0,88.44,0.0,18.45,0.0,0.54,0.0,88.44,0.0
TUMBES,2003,240000,24,187510.0,80,0,5,0,0,0,42.66,0.0,2.67,0.0,0.0,0.0,42.66,0.0
TUMBES,2004,240000,24,190709.0,62,0,2,0,0,0,32.51,0.0,1.05,0.0,0.0,0.0,32.51,0.0
TUMBES,2005,240000,24,193908.0,101,0,11,0,1,0,52.09,0.0,5.67,0.0,0.52,0.0,52.09,0.0
TUMBES,2006,240000,24,197107.0,129,41,5,0,1,0,65.45,20.8,2.54,0.0,0.51,0.0,65.45,20.8
TUMBES,2007,240000,24,200306.0,200,24,91,13,2,0,99.85,11.98,45.43,6.49,1.0,0.0,99.85,11.98
TUMBES,2008,240000,24,203745.0,225,26,78,19,3,1,110.43,12.76,38.28,9.33,1.47,0.49,110.43,12.76
TUMBES,2009,240000,24,207184.0,177,24,31,23,2,1,85.43,11.58,14.96,11.1,0.97,0.48,85.43,11.58
TUMBES,2010,240000,24,210624.0,136,25,35,22,1,0,64.57,11.87,16.62,10.45,0.47,0.0,64.57,11.87
TUMBES,2011,240000,24,214063.0,129,10,14,9,0,0,60.26,4.67,6.54,4.2,0.0,0.0,60.26,4.67
TUMBES,2012,240000,24,217502.0,100,10,49,8,1,0,45.98,4.6,22.53,3.68,0.46,0.0,45.98,4.6
TUMBES,2013,240000,24,220941.0,153,48,110,45,3,0,69.25,21.73,49.79,20.37,1.36,0.0,69.25,21.73
TUMBES,2014,240000,24,224380.0,110,64,84,56,0,0,49.02,28.52,37.44,24.96,0.0,0.0,49.02,28.52
TUMBES,2015,240000,24,227820.0,138,66,89,53,0,0,60.57,28.97,39.07,23.26,0.0,0.0,60.57,28.97
TUMBES,2016,240000,24,231259.0,145,70,71,29,1,3,62.7,30.27,30.7,12.54,0.43,1.3,62.7,30.27
TUMBES,2017,240000,24,234698.0,276,79,129,39,0,2,117.6,33.66,54.96,16.62,0.0,0.85,117.6,33.66
TUMBES,2018,240000,24,241321.0,175,143,68,45,0,0,72.52,59.26,28.18,18.65,0.0,0.0,72.52,59.26
TUMBES,2019,240000,24,246699.0,226,202,9,1,0,1,91.61,81.88,3.65,0.41,0.0,0.41,91.61,81.88
TUMBES,2020,240000,24,251521.0,37,122,10,6,0,0,14.71,48.5,3.98,2.39,0.0,0.0,14.71,48.5
TUMBES,2021,240000,24,255712.0,87,70,23,7,0,0,34.02,27.37,8.99,2.74,0.0,0.0,34.02,27.37
TUMBES,2022,240000,24,259556.0,184,56,91,2,0,0,70.89,21.58,35.06,0.77,0.0,0.0,70.89,21.58
TUMBES,2023,240000,24,263164.0,238,188,85,52,0,4,90.44,71.44,32.3,19.76,0.0,1.52,90.44,71.44
UCAYALI,2000,250000,25,373484.0,3315,0,826,0,26,0,887.59,0.0,221.16,0.0,6.96,0.0,887.59,0.0
UCAYALI,2001,250000,25,381867.0,2171,0,510,0,31,0,568.52,0.0,133.55,0.0,8.12,0.0,568.52,0.0
UCAYALI,2002,250000,25,390249.0,2071,0,340,0,13,0,530.69,0.0,87.12,0.0,3.33,0.0,530.69,0.0
UCAYALI,2003,250000,25,398631.0,1555,0,205,0,5,0,390.09,0.0,51.43,0.0,1.25,0.0,390.09,0.0
UCAYALI,2004,250000,25,407013.0,1477,0,306,0,6,0,362.89,0.0,75.18,0.0,1.47,0.0,362.89,0.0
UCAYALI,2005,250000,25,415395.0,1879,0,334,0,9,0,452.34,0.0,80.41,0.0,2.17,0.0,452.34,0.0
UCAYALI,2006,250000,25,423777.0,2196,13,517,9,7,0,518.2,3.07,122.0,2.12,1.65,0.0,518.2,3.07
UCAYALI,2007,250000,25,432159.0,1717,60,342,26,16,1,397.31,13.88,79.14,6.02,3.7,0.23,397.31,13.88
UCAYALI,2008,250000,25,443843.0,1939,74,333,20,7,1,436.87,16.67,75.03,4.51,1.58,0.23,436.87,16.67
UCAYALI,2009,250000,25,455527.0,2260,33,293,4,15,0,496.13,7.24,64.32,0.88,3.29,0.0,496.13,7.24
UCAYALI,2010,250000,25,467211.0,2042,58,325,25,17,0,437.06,12.41,69.56,5.35,3.64,0.0,437.06,12.41
UCAYALI,2011,250000,25,478895.0,1422,97,287,59,9,0,296.93,20.25,59.93,12.32,1.88,0.0,296.93,20.25
UCAYALI,2012,250000,25,490578.0,1332,102,421,51,18,6,271.52,20.79,85.82,10.4,3.67,1.22,271.52,20.79
UCAYALI,2013,250000,25,502262.0,1400,72,359,49,20,5,278.74,14.34,71.48,9.76,3.98,1.0,278.74,14.34
UCAYALI,2014,250000,25,513946.0,1030,52,223,17,10,0,200.41,10.12,43.39,3.31,1.95,0.0,200.41,10.12
UCAYALI,2015,250000,25,525630.0,1271,131,235,23,7,0,241.81,24.92,44.71,4.38,1.33,0.0,241.81,24.92
UCAYALI,2016,250000,25,537314.0,1468,188,201,12,11,0,273.21,34.99,37.41,2.23,2.05,0.0,273.21,34.99
UCAYALI,2017,250000,25,548998.0,1155,256,227,51,14,1,210.38,46.63,41.35,9.29,2.55,0.18,210.38,46.63
UCAYALI,2018,250000,25,558767.0,1555,397,304,90,27,7,278.29,71.05,54.41,16.11,4.83,1.25,278.29,71.05
UCAYALI,2019,250000,25,574509.0,1178,389,190,158,21,9,205.04,67.71,33.07,27.5,3.66,1.57,205.04,67.71
UCAYALI,2020,250000,25,589110.0,549,236,84,97,24,27,93.19,40.06,14.26,16.47,4.07,4.58,93.19,40.06
UCAYALI,2021,250000,25,602400.0,672,298,70,107,8,2,111.55,49.47,11.62,17.76,1.33,0.33,111.55,49.47
UCAYALI,2022,250000,25,615024.0,824,492,99,74,10,6,133.98,80.0,16.1,12.03,1.63,0.98,133.98,80.0
UCAYALI,2023,250000,25,627233.0,1085,258,130,68,17,16,172.98,41.13,20.73,10.84,2.71,2.55,172.98,41.13
