UBIGEO,iddpto,Department,Year,Population
10000,1,AMAZONAS,2000,356329.0
10000,1,AMAZONAS,2001,359138.0
10000,1,AMAZONAS,2002,361947.0
10000,1,AMAZONAS,2003,364756.0
10000,1,AMAZONAS,2004,367566.0
10000,1,AMAZONAS,2005,370375.0
10000,1,AMAZONAS,2006,373184.0
10000,1,AMAZONAS,2007,375993.0
10000,1,AMAZONAS,2008,380130.0
10000,1,AMAZONAS,2009,384267.0
10000,1,AMAZONAS,2010,388405.0
10000,1,AMAZONAS,2011,392542.0
10000,1,AMAZONAS,2012,396679.0
10000,1,AMAZONAS,2013,400816.0
10000,1,AMAZONAS,2014,404953.0
10000,1,AMAZONAS,2015,409091.0
10000,1,AMAZONAS,2016,413228.0
10000,1,AMAZONAS,2017,417365.0
10000,1,AMAZONAS,2018,419833.0
10000,1,AMAZONAS,2019,423863.0
10000,1,AMAZONAS,2020,426806.0
10000,1,AMAZONAS,2021,428512.0
10000,1,AMAZONAS,2022,429483.0
10000,1,AMAZONAS,2023,429943.0
20000,2,ANCASH,2000,1009241.0
20000,2,ANCASH,2001,1016986.0
20000,2,ANCASH,2002,1024732.0
20000,2,ANCASH,2003,1032477.0
20000,2,ANCASH,2004,1040223.0
20000,2,ANCASH,2005,1047968.0
20000,2,ANCASH,2006,1055714.0
20000,2,ANCASH,2007,1063459.0
20000,2,ANCASH,2008,1071025.0
20000,2,ANCASH,2009,1078590.0
20000,2,ANCASH,2010,1086156.0
20000,2,ANCASH,2011,1093721.0
20000,2,ANCASH,2012,1101287.0
20000,2,ANCASH,2013,1108853.0
20000,2,ANCASH,2014,1116418.0
20000,2,ANCASH,2015,1123984.0
20000,2,ANCASH,2016,1131549.0
20000,2,ANCASH,2017,1139115.0
20000,2,ANCASH,2018,1155451.0
20000,2,ANCASH,2019,1169522.0
20000,2,ANCASH,2020,1180638.0
20000,2,ANCASH,2021,1188391.0
20000,2,ANCASH,2022,1194156.0
20000,2,ANCASH,2023,1198547.0
30000,3,APURIMAC,2000,393094.0
30000,3,APURIMAC,2001,394679.0
30000,3,APURIMAC,2002,396264.0
30000,3,APURIMAC,2003,397849.0
30000,3,APURIMAC,2004,399434.0
30000,3,APURIMAC,2005,401020.0
30000,3,APURIMAC,2006,402605.0
30000,3,APURIMAC,2007,404190.0
30000,3,APURIMAC,2008,406197.0
30000,3,APURIMAC,2009,408204.0
30000,3,APURIMAC,2010,410211.0
30000,3,APURIMAC,2011,412218.0
30000,3,APURIMAC,2012,414224.0
30000,3,APURIMAC,2013,416231.0
30000,3,APURIMAC,2014,418238.0
30000,3,APURIMAC,2015,420245.0
30000,3,APURIMAC,2016,422252.0
30000,3,APURIMAC,2017,424259.0
30000,3,APURIMAC,2018,427323.0
30000,3,APURIMAC,2019,429587.0
30000,3,APURIMAC,2020,430736.0
30000,3,APURIMAC,2021,430609.0
30000,3,APURIMAC,2022,429720.0
30000,3,APURIMAC,2023,428311.0
40000,4,AREQUIPA,2000,1034554.0
40000,4,AREQUIPA,2001,1051376.0
40000,4,AREQUIPA,2002,1068197.0
40000,4,AREQUIPA,2003,1085018.0
40000,4,AREQUIPA,2004,1101839.0
40000,4,AREQUIPA,2005,1118661.0
40000,4,AREQUIPA,2006,1135482.0
40000,4,AREQUIPA,2007,1152303.0
40000,4,AREQUIPA,2008,1183116.0
40000,4,AREQUIPA,2009,1213929.0
40000,4,AREQUIPA,2010,1244742.0
40000,4,AREQUIPA,2011,1275555.0
40000,4,AREQUIPA,2012,1306368.0
40000,4,AREQUIPA,2013,1337181.0
40000,4,AREQUIPA,2014,1367994.0
40000,4,AREQUIPA,2015,1398807.0
40000,4,AREQUIPA,2016,1429620.0
40000,4,AREQUIPA,2017,1460433.0
40000,4,AREQUIPA,2018,1428708.0
40000,4,AREQUIPA,2019,1464638.0
40000,4,AREQUIPA,2020,1497438.0
40000,4,AREQUIPA,2021,1526669.0
40000,4,AREQUIPA,2022,1553994.0
40000,4,AREQUIPA,2023,1580075.0
50000,5,AYACUCHO,2000,552498.0
50000,5,AYACUCHO,2001,561068.0
50000,5,AYACUCHO,2002,569638.0
50000,5,AYACUCHO,2003,578208.0
50000,5,AYACUCHO,2004,586779.0
50000,5,AYACUCHO,2005,595349.0
50000,5,AYACUCHO,2006,603919.0
50000,5,AYACUCHO,2007,612489.0
50000,5,AYACUCHO,2008,616334.0
50000,5,AYACUCHO,2009,620179.0
50000,5,AYACUCHO,2010,624024.0
50000,5,AYACUCHO,2011,627869.0
50000,5,AYACUCHO,2012,631714.0
50000,5,AYACUCHO,2013,635560.0
50000,5,AYACUCHO,2014,639405.0
50000,5,AYACUCHO,2015,643250.0
50000,5,AYACUCHO,2016,647095.0
50000,5,AYACUCHO,2017,650940.0
50000,5,AYACUCHO,2018,659061.0
50000,5,AYACUCHO,2019,664494.0
50000,5,AYACUCHO,2020,668213.0
50000,5,AYACUCHO,2021,669979.0
50000,5,AYACUCHO,2022,670579.0
50000,5,AYACUCHO,2023,670377.0
60000,6,CAJAMARCA,2000,1323808.0
60000,6,CAJAMARCA,2001,1332951.0
60000,6,CAJAMARCA,2002,1342094.0
60000,6,CAJAMARCA,2003,1351237.0
60000,6,CAJAMARCA,2004,1360380.0
60000,6,CAJAMARCA,2005,1369523.0
60000,6,CAJAMARCA,2006,1378666.0
60000,6,CAJAMARCA,2007,1387809.0
60000,6,CAJAMARCA,2008,1391781.0
60000,6,CAJAMARCA,2009,1395753.0
60000,6,CAJAMARCA,2010,1399724.0
60000,6,CAJAMARCA,2011,1403696.0
60000,6,CAJAMARCA,2012,1407668.0
60000,6,CAJAMARCA,2013,1411640.0
60000,6,CAJAMARCA,2014,1415612.0
60000,6,CAJAMARCA,2015,1419583.0
60000,6,CAJAMARCA,2016,1423555.0
60000,6,CAJAMARCA,2017,1427527.0
60000,6,CAJAMARCA,2018,1438325.0
60000,6,CAJAMARCA,2019,1447891.0
60000,6,CAJAMARCA,2020,1453711.0
60000,6,CAJAMARCA,2021,1455245.0
60000,6,CAJAMARCA,2022,1454217.0
60000,6,CAJAMARCA,2023,1451436.0
70000,7,CALLAO,2000,758303.0
70000,7,CALLAO,2001,775242.0
70000,7,CALLAO,2002,792181.0
70000,7,CALLAO,2003,809120.0
70000,7,CALLAO,2004,826060.0
70000,7,CALLAO,2005,842999.0
70000,7,CALLAO,2006,859938.0
70000,7,CALLAO,2007,876877.0
70000,7,CALLAO,2008,893885.0
70000,7,CALLAO,2009,910892.0
70000,7,CALLAO,2010,927900.0
70000,7,CALLAO,2011,944907.0
70000,7,CALLAO,2012,961915.0
70000,7,CALLAO,2013,978923.0
70000,7,CALLAO,2014,995930.0
70000,7,CALLAO,2015,1012938.0
70000,7,CALLAO,2016,1029945.0
70000,7,CALLAO,2017,1046953.0
70000,7,CALLAO,2018,1078789.0
70000,7,CALLAO,2019,1105512.0
70000,7,CALLAO,2020,1129854.0
70000,7,CALLAO,2021,1151480.0
70000,7,CALLAO,2022,1171648.0
70000,7,CALLAO,2023,1190860.0
80000,8,CUSCO,2000,1100083.0
80000,8,CUSCO,2001,1110272.0
80000,8,CUSCO,2002,1120460.0
80000,8,CUSCO,2003,1130649.0
80000,8,CUSCO,2004,1140837.0
80000,8,CUSCO,2005,1151026.0
80000,8,CUSCO,2006,1161214.0
80000,8,CUSCO,2007,1171403.0
80000,8,CUSCO,2008,1185785.0
80000,8,CUSCO,2009,1200166.0
80000,8,CUSCO,2010,1214548.0
80000,8,CUSCO,2011,1228930.0
80000,8,CUSCO,2012,1243312.0
80000,8,CUSCO,2013,1257693.0
80000,8,CUSCO,2014,1272075.0
80000,8,CUSCO,2015,1286457.0
80000,8,CUSCO,2016,1300838.0
80000,8,CUSCO,2017,1315220.0
80000,8,CUSCO,2018,1320530.0
80000,8,CUSCO,2019,1340457.0
80000,8,CUSCO,2020,1357075.0
80000,8,CUSCO,2021,1369932.0
80000,8,CUSCO,2022,1380594.0
80000,8,CUSCO,2023,1389737.0
90000,9,HUANCAVELICA,2000,419980.0
90000,9,HUANCAVELICA,2001,424953.0
90000,9,HUANCAVELICA,2002,429927.0
90000,9,HUANCAVELICA,2003,434901.0
90000,9,HUANCAVELICA,2004,439875.0
90000,9,HUANCAVELICA,2005,444849.0
90000,9,HUANCAVELICA,2006,449823.0
90000,9,HUANCAVELICA,2007,454797.0
90000,9,HUANCAVELICA,2008,446042.0
90000,9,HUANCAVELICA,2009,437288.0
90000,9,HUANCAVELICA,2010,428534.0
90000,9,HUANCAVELICA,2011,419779.0
90000,9,HUANCAVELICA,2012,411024.0
90000,9,HUANCAVELICA,2013,402270.0
90000,9,HUANCAVELICA,2014,393516.0
90000,9,HUANCAVELICA,2015,384761.0
90000,9,HUANCAVELICA,2016,376006.0
90000,9,HUANCAVELICA,2017,367252.0
90000,9,HUANCAVELICA,2018,376346.0
90000,9,HUANCAVELICA,2019,371260.0
90000,9,HUANCAVELICA,2020,365317.0
90000,9,HUANCAVELICA,2021,358356.0
90000,9,HUANCAVELICA,2022,350845.0
90000,9,HUANCAVELICA,2023,343026.0
100000,10,HUANUCO,2000,708356.0
100000,10,HUANUCO,2001,716051.0
100000,10,HUANUCO,2002,723747.0
100000,10,HUANUCO,2003,731442.0
100000,10,HUANUCO,2004,739137.0
100000,10,HUANUCO,2005,746832.0
100000,10,HUANUCO,2006,754528.0
100000,10,HUANUCO,2007,762223.0
100000,10,HUANUCO,2008,761997.0
100000,10,HUANUCO,2009,761771.0
100000,10,HUANUCO,2010,761545.0
100000,10,HUANUCO,2011,761319.0
100000,10,HUANUCO,2012,761092.0
100000,10,HUANUCO,2013,760866.0
100000,10,HUANUCO,2014,760640.0
100000,10,HUANUCO,2015,760414.0
100000,10,HUANUCO,2016,760188.0
100000,10,HUANUCO,2017,759962.0
100000,10,HUANUCO,2018,757467.0
100000,10,HUANUCO,2019,759851.0
100000,10,HUANUCO,2020,760267.0
100000,10,HUANUCO,2021,758416.0
100000,10,HUANUCO,2022,755213.0
100000,10,HUANUCO,2023,751097.0
110000,11,ICA,2000,638809.0
110000,11,ICA,2001,649255.0
110000,11,ICA,2002,659701.0
110000,11,ICA,2003,670147.0
110000,11,ICA,2004,680594.0
110000,11,ICA,2005,691040.0
110000,11,ICA,2006,701486.0
110000,11,ICA,2007,711932.0
110000,11,ICA,2008,730068.0
110000,11,ICA,2009,748204.0
110000,11,ICA,2010,766340.0
110000,11,ICA,2011,784476.0
110000,11,ICA,2012,802612.0
110000,11,ICA,2013,820748.0
110000,11,ICA,2014,838884.0
110000,11,ICA,2015,857020.0
110000,11,ICA,2016,875156.0
110000,11,ICA,2017,893292.0
110000,11,ICA,2018,923175.0
110000,11,ICA,2019,950100.0
110000,11,ICA,2020,975182.0
110000,11,ICA,2021,998144.0
110000,11,ICA,2022,1020050.0
110000,11,ICA,2023,1041312.0
120000,12,JUNIN,2000,1130658.0
120000,12,JUNIN,2001,1144203.0
120000,12,JUNIN,2002,1157748.0
120000,12,JUNIN,2003,1171293.0
120000,12,JUNIN,2004,1184838.0
120000,12,JUNIN,2005,1198384.0
120000,12,JUNIN,2006,1211929.0
120000,12,JUNIN,2007,1225474.0
120000,12,JUNIN,2008,1234616.0
120000,12,JUNIN,2009,1243758.0
120000,12,JUNIN,2010,1252900.0
120000,12,JUNIN,2011,1262042.0
120000,12,JUNIN,2012,1271184.0
120000,12,JUNIN,2013,1280326.0
120000,12,JUNIN,2014,1289468.0
120000,12,JUNIN,2015,1298610.0
120000,12,JUNIN,2016,1307752.0
120000,12,JUNIN,2017,1316894.0
120000,12,JUNIN,2018,1335139.0
120000,12,JUNIN,2019,1350021.0
120000,12,JUNIN,2020,1361467.0
120000,12,JUNIN,2021,1369003.0
120000,12,JUNIN,2022,1374221.0
120000,12,JUNIN,2023,1377838.0
130000,13,LA LIBERTAD,2000,1443656.0
130000,13,LA LIBERTAD,2001,1468426.0
130000,13,LA LIBERTAD,2002,1493197.0
130000,13,LA LIBERTAD,2003,1517967.0
130000,13,LA LIBERTAD,2004,1542738.0
130000,13,LA LIBERTAD,2005,1567509.0
130000,13,LA LIBERTAD,2006,1592279.0
130000,13,LA LIBERTAD,2007,1617050.0
130000,13,LA LIBERTAD,2008,1644242.0
130000,13,LA LIBERTAD,2009,1671434.0
130000,13,LA LIBERTAD,2010,1698627.0
130000,13,LA LIBERTAD,2011,1725819.0
130000,13,LA LIBERTAD,2012,1753011.0
130000,13,LA LIBERTAD,2013,1780203.0
130000,13,LA LIBERTAD,2014,1807395.0
130000,13,LA LIBERTAD,2015,1834588.0
130000,13,LA LIBERTAD,2016,1861780.0
130000,13,LA LIBERTAD,2017,1888972.0
130000,13,LA LIBERTAD,2018,1938501.0
130000,13,LA LIBERTAD,2019,1979901.0
130000,13,LA LIBERTAD,2020,2016771.0
130000,13,LA LIBERTAD,2021,2048492.0
130000,13,LA LIBERTAD,2022,2077345.0
130000,13,LA LIBERTAD,2023,2104254.0
140000,14,LAMBAYEQUE,2000,1016832.0
140000,14,LAMBAYEQUE,2001,1030551.0
140000,14,LAMBAYEQUE,2002,1044270.0
140000,14,LAMBAYEQUE,2003,1057990.0
140000,14,LAMBAYEQUE,2004,1071710.0
140000,14,LAMBAYEQUE,2005,1085429.0
140000,14,LAMBAYEQUE,2006,1099148.0
140000,14,LAMBAYEQUE,2007,1112868.0
140000,14,LAMBAYEQUE,2008,1126063.0
140000,14,LAMBAYEQUE,2009,1139259.0
140000,14,LAMBAYEQUE,2010,1152454.0
140000,14,LAMBAYEQUE,2011,1165649.0
140000,14,LAMBAYEQUE,2012,1178844.0
140000,14,LAMBAYEQUE,2013,1192040.0
140000,14,LAMBAYEQUE,2014,1205235.0
140000,14,LAMBAYEQUE,2015,1218430.0
140000,14,LAMBAYEQUE,2016,1231626.0
140000,14,LAMBAYEQUE,2017,1244821.0
140000,14,LAMBAYEQUE,2018,1270295.0
140000,14,LAMBAYEQUE,2019,1292105.0
140000,14,LAMBAYEQUE,2020,1310785.0
140000,14,LAMBAYEQUE,2021,1325912.0
140000,14,LAMBAYEQUE,2022,1338994.0
140000,14,LAMBAYEQUE,2023,1350663.0
150000,15,LIMA ,2000,7415760.0
150000,15,LIMA ,2001,7562824.0
150000,15,LIMA ,2002,7709888.0
150000,15,LIMA ,2003,7856953.0
150000,15,LIMA ,2004,8004018.0
150000,15,LIMA ,2005,8151082.0
150000,15,LIMA ,2006,8298146.0
150000,15,LIMA ,2007,8445211.0
150000,15,LIMA ,2008,8614191.0
150000,15,LIMA ,2009,8783171.0
150000,15,LIMA ,2010,8952150.0
150000,15,LIMA ,2011,9121130.0
150000,15,LIMA ,2012,9290110.0
150000,15,LIMA ,2013,9459090.0
150000,15,LIMA ,2014,9628070.0
150000,15,LIMA ,2015,9797049.0
150000,15,LIMA ,2016,9966029.0
150000,15,LIMA ,2017,10135009.0
150000,15,LIMA ,2018,10180641.0
150000,15,LIMA ,2019,10416139.0
150000,15,LIMA ,2020,10628470.0
150000,15,LIMA ,2021,10814450.0
150000,15,LIMA ,2022,10986006.0
150000,15,LIMA ,2023,11147924.0
160000,16,LORETO,2000,789507.0
160000,16,LORETO,2001,804111.0
160000,16,LORETO,2002,818714.0
160000,16,LORETO,2003,833318.0
160000,16,LORETO,2004,847921.0
160000,16,LORETO,2005,862525.0
160000,16,LORETO,2006,877128.0
160000,16,LORETO,2007,891732.0
160000,16,LORETO,2008,900748.0
160000,16,LORETO,2009,909765.0
160000,16,LORETO,2010,918782.0
160000,16,LORETO,2011,927798.0
160000,16,LORETO,2012,936814.0
160000,16,LORETO,2013,945831.0
160000,16,LORETO,2014,954848.0
160000,16,LORETO,2015,963864.0
160000,16,LORETO,2016,972880.0
160000,16,LORETO,2017,981897.0
160000,16,LORETO,2018,1000350.0
160000,16,LORETO,2019,1015212.0
160000,16,LORETO,2020,1027559.0
160000,16,LORETO,2021,1037055.0
160000,16,LORETO,2022,1044884.0
160000,16,LORETO,2023,1051560.0
170000,17,MADRE DE DIOS,2000,88282.0
170000,17,MADRE DE DIOS,2001,91321.0
170000,17,MADRE DE DIOS,2002,94360.0
170000,17,MADRE DE DIOS,2003,97399.0
170000,17,MADRE DE DIOS,2004,100438.0
170000,17,MADRE DE DIOS,2005,103477.0
170000,17,MADRE DE DIOS,2006,106516.0
170000,17,MADRE DE DIOS,2007,109555.0
170000,17,MADRE DE DIOS,2008,114720.0
170000,17,MADRE DE DIOS,2009,119885.0
170000,17,MADRE DE DIOS,2010,125050.0
170000,17,MADRE DE DIOS,2011,130215.0
170000,17,MADRE DE DIOS,2012,135380.0
170000,17,MADRE DE DIOS,2013,140544.0
170000,17,MADRE DE DIOS,2014,145709.0
170000,17,MADRE DE DIOS,2015,150874.0
170000,17,MADRE DE DIOS,2016,156039.0
170000,17,MADRE DE DIOS,2017,161204.0
170000,17,MADRE DE DIOS,2018,161324.0
170000,17,MADRE DE DIOS,2019,167674.0
170000,17,MADRE DE DIOS,2020,173811.0
170000,17,MADRE DE DIOS,2021,179688.0
170000,17,MADRE DE DIOS,2022,185478.0
170000,17,MADRE DE DIOS,2023,191259.0
180000,18,MOQUEGUA,2000,145140.0
180000,18,MOQUEGUA,2001,147482.0
180000,18,MOQUEGUA,2002,149824.0
180000,18,MOQUEGUA,2003,152166.0
180000,18,MOQUEGUA,2004,154507.0
180000,18,MOQUEGUA,2005,156849.0
180000,18,MOQUEGUA,2006,159191.0
180000,18,MOQUEGUA,2007,161533.0
180000,18,MOQUEGUA,2008,163581.0
180000,18,MOQUEGUA,2009,165630.0
180000,18,MOQUEGUA,2010,167678.0
180000,18,MOQUEGUA,2011,169727.0
180000,18,MOQUEGUA,2012,171775.0
180000,18,MOQUEGUA,2013,173823.0
180000,18,MOQUEGUA,2014,175872.0
180000,18,MOQUEGUA,2015,177920.0
180000,18,MOQUEGUA,2016,179969.0
180000,18,MOQUEGUA,2017,182017.0
180000,18,MOQUEGUA,2018,186371.0
180000,18,MOQUEGUA,2019,189781.0
180000,18,MOQUEGUA,2020,192740.0
180000,18,MOQUEGUA,2021,195185.0
180000,18,MOQUEGUA,2022,197337.0
180000,18,MOQUEGUA,2023,199286.0
190000,19,PASCO,2000,253372.0
190000,19,PASCO,2001,257240.0
190000,19,PASCO,2002,261108.0
190000,19,PASCO,2003,264976.0
190000,19,PASCO,2004,268845.0
190000,19,PASCO,2005,272713.0
190000,19,PASCO,2006,276581.0
190000,19,PASCO,2007,280449.0
190000,19,PASCO,2008,279618.0
190000,19,PASCO,2009,278786.0
190000,19,PASCO,2010,277955.0
190000,19,PASCO,2011,277124.0
190000,19,PASCO,2012,276292.0
190000,19,PASCO,2013,275461.0
190000,19,PASCO,2014,274630.0
190000,19,PASCO,2015,273799.0
190000,19,PASCO,2016,272967.0
190000,19,PASCO,2017,272136.0
190000,19,PASCO,2018,271704.0
190000,19,PASCO,2019,272157.0
190000,19,PASCO,2020,271904.0
190000,19,PASCO,2021,270842.0
190000,19,PASCO,2022,269296.0
190000,19,PASCO,2023,267425.0
200000,20,PIURA,2000,1532290.0
200000,20,PIURA,2001,1552865.0
200000,20,PIURA,2002,1573440.0
200000,20,PIURA,2003,1594015.0
200000,20,PIURA,2004,1614590.0
200000,20,PIURA,2005,1635165.0
200000,20,PIURA,2006,1655740.0
200000,20,PIURA,2007,1676315.0
200000,20,PIURA,2008,1701680.0
200000,20,PIURA,2009,1727046.0
200000,20,PIURA,2010,1752412.0
200000,20,PIURA,2011,1777777.0
200000,20,PIURA,2012,1803142.0
200000,20,PIURA,2013,1828508.0
200000,20,PIURA,2014,1853874.0
200000,20,PIURA,2015,1879239.0
200000,20,PIURA,2016,1904604.0
200000,20,PIURA,2017,1929970.0
200000,20,PIURA,2018,1971744.0
200000,20,PIURA,2019,2013517.0
200000,20,PIURA,2020,2047954.0
200000,20,PIURA,2021,2077039.0
200000,20,PIURA,2022,2103099.0
200000,20,PIURA,2023,2127093.0
210000,21,PUNO,2000,1174145.0
210000,21,PUNO,2001,1187616.0
210000,21,PUNO,2002,1201087.0
210000,21,PUNO,2003,1214558.0
210000,21,PUNO,2004,1228028.0
210000,21,PUNO,2005,1241499.0
210000,21,PUNO,2006,1254970.0
210000,21,PUNO,2007,1268441.0
210000,21,PUNO,2008,1264290.0
210000,21,PUNO,2009,1260140.0
210000,21,PUNO,2010,1255990.0
210000,21,PUNO,2011,1251839.0
210000,21,PUNO,2012,1247688.0
210000,21,PUNO,2013,1243538.0
210000,21,PUNO,2014,1239388.0
210000,21,PUNO,2015,1235237.0
210000,21,PUNO,2016,1231086.0
210000,21,PUNO,2017,1226936.0
210000,21,PUNO,2018,1236836.0
210000,21,PUNO,2019,1239022.0
210000,21,PUNO,2020,1237997.0
210000,21,PUNO,2021,1233277.0
210000,21,PUNO,2022,1226353.0
210000,21,PUNO,2023,1217951.0
220000,22,SAN MARTIN,2000,640598.0
220000,22,SAN MARTIN,2001,653199.0
220000,22,SAN MARTIN,2002,665800.0
220000,22,SAN MARTIN,2003,678402.0
220000,22,SAN MARTIN,2004,691004.0
220000,22,SAN MARTIN,2005,703605.0
220000,22,SAN MARTIN,2006,716206.0
220000,22,SAN MARTIN,2007,728808.0
220000,22,SAN MARTIN,2008,742173.0
220000,22,SAN MARTIN,2009,755538.0
220000,22,SAN MARTIN,2010,768903.0
220000,22,SAN MARTIN,2011,782268.0
220000,22,SAN MARTIN,2012,795634.0
220000,22,SAN MARTIN,2013,808999.0
220000,22,SAN MARTIN,2014,822364.0
220000,22,SAN MARTIN,2015,835729.0
220000,22,SAN MARTIN,2016,849094.0
220000,22,SAN MARTIN,2017,862459.0
220000,22,SAN MARTIN,2018,866861.0
220000,22,SAN MARTIN,2019,884283.0
220000,22,SAN MARTIN,2020,899648.0
220000,22,SAN MARTIN,2021,912674.0
220000,22,SAN MARTIN,2022,924384.0
220000,22,SAN MARTIN,2023,935194.0
230000,23,TACNA,2000,253567.0
230000,23,TACNA,2001,258598.0
230000,23,TACNA,2002,263628.0
230000,23,TACNA,2003,268659.0
230000,23,TACNA,2004,273689.0
230000,23,TACNA,2005,278720.0
230000,23,TACNA,2006,283750.0
230000,23,TACNA,2007,288781.0
230000,23,TACNA,2008,294808.0
230000,23,TACNA,2009,300836.0
230000,23,TACNA,2010,306864.0
230000,23,TACNA,2011,312891.0
230000,23,TACNA,2012,318918.0
230000,23,TACNA,2013,324946.0
230000,23,TACNA,2014,330974.0
230000,23,TACNA,2015,337001.0
230000,23,TACNA,2016,343028.0
230000,23,TACNA,2017,349056.0
230000,23,TACNA,2018,354644.0
230000,23,TACNA,2019,363205.0
230000,23,TACNA,2020,370974.0
230000,23,TACNA,2021,377842.0
230000,23,TACNA,2022,384222.0
230000,23,TACNA,2023,390279.0
240000,24,TUMBES,2000,177914.0
240000,24,TUMBES,2001,181112.0
240000,24,TUMBES,2002,184311.0
240000,24,TUMBES,2003,187510.0
240000,24,TUMBES,2004,190709.0
240000,24,TUMBES,2005,193908.0
240000,24,TUMBES,2006,197107.0
240000,24,TUMBES,2007,200306.0
240000,24,TUMBES,2008,203745.0
240000,24,TUMBES,2009,207184.0
240000,24,TUMBES,2010,210624.0
240000,24,TUMBES,2011,214063.0
240000,24,TUMBES,2012,217502.0
240000,24,TUMBES,2013,220941.0
240000,24,TUMBES,2014,224380.0
240000,24,TUMBES,2015,227820.0
240000,24,TUMBES,2016,231259.0
240000,24,TUMBES,2017,234698.0
240000,24,TUMBES,2018,241321.0
240000,24,TUMBES,2019,246699.0
240000,24,TUMBES,2020,251521.0
240000,24,TUMBES,2021,255712.0
240000,24,TUMBES,2022,259556.0
240000,24,TUMBES,2023,263164.0
250000,25,UCAYALI,2000,373484.0
250000,25,UCAYALI,2001,381867.0
250000,25,UCAYALI,2002,390249.0
250000,25,UCAYALI,2003,398631.0
250000,25,UCAYALI,2004,407013.0
250000,25,UCAYALI,2005,415395.0
250000,25,UCAYALI,2006,423777.0
250000,25,UCAYALI,2007,432159.0
250000,25,UCAYALI,2008,443843.0
250000,25,UCAYALI,2009,455527.0
250000,25,UCAYALI,2010,467211.0
250000,25,UCAYALI,2011,478895.0
250000,25,UCAYALI,2012,490578.0
250000,25,UCAYALI,2013,502262.0
250000,25,UCAYALI,2014,513946.0
250000,25,UCAYALI,2015,525630.0
250000,25,UCAYALI,2016,537314.0
250000,25,UCAYALI,2017,548998.0
250000,25,UCAYALI,2018,558767.0
250000,25,UCAYALI,2019,574509.0
250000,25,UCAYALI,2020,589110.0
250000,25,UCAYALI,2021,602400.0
250000,25,UCAYALI,2022,615024.0
250000,25,UCAYALI,2023,627233.0
