date,actual,predicted,model
2010-12-27,0.6127509123073258,0.7066310059497332,random_forest
2011-01-03,0.5877831026730659,0.7019028992923162,random_forest
2011-01-10,0.6085807443785983,0.7103179587479408,random_forest
2011-01-17,0.5735559803939214,0.7065818062494219,random_forest
2011-01-24,0.5551284790158034,0.5990068731912899,random_forest
2011-01-31,0.5274872269486265,0.604196164915251,random_forest
2011-02-07,0.5090597255705084,0.610938218490879,random_forest
2011-02-14,0.4837219111755963,0.6121289308572037,random_forest
2011-02-21,0.4768115981588021,0.5067326524136218,random_forest
2011-02-28,0.4710530039781402,0.5154665727944255,random_forest
2011-03-07,0.4618392532890812,0.5151117933726499,random_forest
2011-03-14,0.46183925328908115,0.5204520408984908,random_forest
2011-03-21,0.47911503583106674,0.47431971248837596,random_forest
2011-03-28,0.5125148820789056,0.47912919975083024,random_forest
2011-04-04,0.5194251950956998,0.483670553312642,random_forest
2011-04-11,0.5816180122468481,0.4877266326599025,random_forest
2011-04-18,0.5666456673771272,0.5562787917241604,random_forest
2011-04-25,0.5666456673771272,0.5543667028061072,random_forest
2011-05-02,0.4871770676839933,0.5370481471103075,random_forest
2011-05-09,0.4756598793226697,0.5235681345778616,random_forest
2011-05-16,0.46414269096134597,0.5005112703059957,random_forest
2011-05-23,0.4837219111755963,0.5134115739026529,random_forest
2011-05-30,0.5056045690621114,0.5243486207697982,random_forest
2011-06-06,0.550521603671274,0.5307856357921451,random_forest
2011-06-13,0.541307852982215,0.5419953986760694,random_forest
2011-06-20,0.5608870731964654,0.5398398945251203,random_forest
2011-06-27,0.5735559803939214,0.5349938689352983,random_forest
2011-07-04,0.5747076992300538,0.5308085083569476,random_forest
2011-07-11,0.5516733225074063,0.5731429392701641,random_forest
2011-07-18,0.5516733225074063,0.5784698147609775,random_forest
2011-07-25,0.5701008238855242,0.5816063528147534,random_forest
2011-08-01,0.6023489512972308,0.5953954776343405,random_forest
2011-08-08,0.6127144208224221,0.5903364187495511,random_forest
2011-08-15,0.63114192220054,0.5950174040027739,random_forest
2011-08-22,0.6104109831501573,0.5918946752649796,random_forest
2011-08-29,0.63114192220054,0.5993543480021687,random_forest
2011-09-05,0.6253833280198782,0.6244530441448762,random_forest
2011-09-12,0.6426591105618638,0.6229324106361159,random_forest
2011-09-19,0.6288384845282753,0.622660724134903,random_forest
2011-09-26,0.6852727074987616,0.623271181722601,random_forest
2011-10-03,0.7037002088768795,0.6501058475288357,random_forest
2011-10-10,0.662238330776114,0.661567198106541,random_forest
2011-10-17,0.6438108293979962,0.6654058173218439,random_forest
2011-10-24,0.6322936410366724,0.6747273341752953,random_forest
2011-10-31,0.6253833280198782,0.6522493114802573,random_forest
2011-11-07,0.5954386382804365,0.6616072290032227,random_forest
2011-11-14,0.5735559803939214,0.6696061909943771,random_forest
2011-11-21,0.5885283252636423,0.6631224245649926,random_forest
2011-11-28,0.5539767601796711,0.5985803815529075,random_forest
2011-12-05,0.5125148820789056,0.6053951918186757,random_forest
2011-12-12,0.4975425372091848,0.6046961997696113,random_forest
2011-12-19,0.4998459748814495,0.6100067120926685,random_forest
2011-12-26,0.5332458211292883,0.506350052588587,random_forest
2012-01-02,0.5638964133764381,0.5190135424332661,random_forest
2012-01-09,0.625342949281054,0.531111774938889,random_forest
2012-01-16,0.6217724878541516,0.5301465396320003,random_forest
2012-01-23,0.6001752716398392,0.5883998804409638,random_forest
2012-01-30,0.5956284892789313,0.5811331080080548,random_forest
2012-02-06,0.6001752716398392,0.5906189748006201,random_forest
2012-02-13,0.6172257054932437,0.5821282217760785,random_forest
2012-02-20,0.6001752716398392,0.613600303069525,random_forest
2012-02-27,0.6183624010834706,0.6204131314629454,random_forest
2012-03-05,0.5819881421962076,0.6240828587245199,random_forest
2012-03-12,0.568347795113484,0.6287626976969932,random_forest
2012-03-19,0.5672110995232571,0.587914931134623,random_forest
2012-03-26,0.6308660525759673,0.590641316798996,random_forest
2012-04-02,0.6115422275421089,0.590617314781165,random_forest
2012-04-09,0.6376862261173292,0.5938952666329327,random_forest
2012-04-16,0.6263192702150594,0.6248532620575674,random_forest
2012-04-23,0.6547366599707336,0.6244638016661261,random_forest
2012-04-30,0.6297293569857404,0.6231417841171276,random_forest
2012-05-07,0.6183624010834706,0.6245383910698848,random_forest
2012-05-14,0.6490531820195988,0.6271072021044425,random_forest
2012-05-21,0.6399596172977831,0.62420692289789,random_forest
2012-05-28,0.6558733555609605,0.6290094374134342,random_forest
2012-06-04,0.6274559658052864,0.6297262945105123,random_forest
2012-06-11,0.676333876185046,0.6293806255711716,random_forest
2012-06-18,0.6547366599707337,0.6214139352267418,random_forest
2012-06-25,0.6513265732000527,0.6275795393756347,random_forest
2012-07-02,0.606995445181201,0.6304833855677654,random_forest
2012-07-09,0.6490531820195987,0.6222638284898948,random_forest
2012-07-16,0.6933843100384506,0.6254533261860229,random_forest
2012-07-23,0.7274851777452597,0.6289349970140713,random_forest
2012-07-30,0.6911109188579966,0.6312480327407868,random_forest
2012-08-06,0.6729237894143653,0.6897135994033954,random_forest
2012-08-13,0.677470571775273,0.6905617162555142,random_forest
2012-08-20,0.6842907453166349,0.6896100375136827,random_forest
2012-08-27,0.6490531820195988,0.695785863459042,random_forest
2012-09-03,0.6172257054932437,0.6573747607385224,random_forest
2012-09-10,0.6274559658052864,0.6551461055042481,random_forest
2012-09-17,0.6479164864293718,0.6534848879230679,random_forest
2012-09-24,0.6331394437564213,0.650097262018477,random_forest
2012-10-01,0.6047220540007471,0.6356492325616334,random_forest
2012-10-08,0.572894577474392,0.6346754524906558,random_forest
2012-10-15,0.5638010127525762,0.6358082448764886,random_forest
2012-10-22,0.5456138833089447,0.639849074484542,random_forest
2012-10-29,0.5467505788991717,0.5429812881459145,random_forest
2012-11-05,0.5876716201473425,0.5343832425541869,random_forest
2012-11-12,0.6126789231323359,0.5298486324011008,random_forest
2012-11-19,0.6183624010834706,0.5335182837524333,random_forest
2012-11-26,0.6138156187225629,0.6127488053794515,random_forest
2012-12-03,0.6160890099030167,0.6171134274817518,random_forest
2012-12-10,0.571757881884165,0.6181487382085343,random_forest
2012-12-17,0.5171964935532705,0.6177219646480153,random_forest
2012-12-24,0.4955992773389581,0.5511069349972078,random_forest
2012-12-31,0.5831248377864346,0.5629102091471073,random_forest
2013-01-07,0.6673864225270564,0.574271713573628,random_forest
2013-01-14,0.7042873456995725,0.5889762231414549,random_forest
2013-01-21,0.7091412424102949,0.6601762952884782,random_forest
2013-01-28,0.6810897692136851,0.6595469670425567,random_forest
2013-02-04,0.6507941781613465,0.6558067237724301,random_forest
2013-02-11,0.6294750585319232,0.6433723345310033,random_forest
2013-02-18,0.6586485906563974,0.644956254960578,random_forest
2013-02-25,0.6799677102858208,0.6357861988713015,random_forest
2013-03-04,0.6855780049251426,0.6342981875793059,random_forest
2013-03-11,0.6642588852957193,0.6308072391204755,random_forest
2013-03-18,0.6328412353155164,0.6606144823367243,random_forest
2013-03-25,0.6070338799746353,0.6572520217259571,random_forest
2013-04-01,0.5946912317681271,0.6454056009352858,random_forest
2013-04-08,0.6137662335418217,0.6368629410559034,random_forest
2013-04-15,0.6036677031910421,0.5967559385449702,random_forest
2013-04-22,0.5767382889222968,0.5974517086472257,random_forest
2013-04-29,0.5632735817879241,0.6010456028118387,random_forest
2013-05-06,0.5408324032306363,0.6095746487247847,random_forest
2013-05-13,0.543076521086365,0.5573211821279985,random_forest
2013-05-20,0.5969353496238557,0.562237509811617,random_forest
2013-05-27,0.6429397656662958,0.5644930342990598,random_forest
2013-06-03,0.7024088888431086,0.5760006069249416,random_forest
2013-06-10,0.7181177138332101,0.6689862726749913,random_forest
2013-06-17,0.7618780120199213,0.662960777297164,random_forest
2013-06-24,0.7024088888431086,0.6519851287307932,random_forest
2013-07-01,0.7304603620397184,0.6497449587381572,random_forest
2013-07-08,0.6900662406366003,0.7247557693501517,random_forest
2013-07-15,0.7270941852561252,0.719668651635355,random_forest
2013-07-22,0.6822118281415496,0.6995785339531759,random_forest
2013-07-29,0.7327044798954471,0.6882216341334982,random_forest
2013-08-05,0.7674883066592432,0.6874809128208657,random_forest
2013-08-12,0.8011500744951751,0.693854942606507,random_forest
2013-08-19,0.7888074262886667,0.6811285498395199,random_forest
2013-08-26,0.7585118352363281,0.6706982547641526,random_forest
2013-09-02,0.7349485977511758,0.7450178778901139,random_forest
2013-09-09,0.7394368334626336,0.7433015880223883,random_forest
2013-09-16,0.7327044798954471,0.7411652669733625,random_forest
2013-09-23,0.6586485906563974,0.7410983679180438,random_forest
2013-09-30,0.6160103513975504,0.7011930302212431,random_forest
2013-10-07,0.6249868228204656,0.7060417374272346,random_forest
2013-10-14,0.6395735888827027,0.7174336414963205,random_forest
2013-10-21,0.6451838835220247,0.6983311648833219,random_forest
2013-10-28,0.6204985871090081,0.625553148237224,random_forest
2013-11-04,0.6182544692532793,0.6249354020733778,random_forest
2013-11-11,0.6036677031910421,0.620888426721365,random_forest
2013-11-18,0.5902029960566695,0.6097796812569309,random_forest
2013-11-25,0.5991794674795846,0.5904726891451875,random_forest
2013-12-02,0.6227427049647368,0.5835549737738025,random_forest
2013-12-09,0.614888292469686,0.5809712316923142,random_forest
2013-12-16,0.600301526407449,0.5822935092608187,random_forest
2013-12-23,0.5498088746535514,0.5968755770566484,random_forest
2013-12-30,0.5868368192730763,0.6029700180670932,random_forest
2014-01-06,0.6410234904651794,0.6015928099713769,random_forest
2014-01-13,0.6697879472623286,0.6016299194921696,random_forest
2014-01-20,0.696802708034547,0.6626957850094308,random_forest
2014-01-27,0.6535987245475083,0.656124077343624,random_forest
2014-02-03,0.6259038633378681,0.6440302317178904,random_forest
2014-02-10,0.5605439908831172,0.6428425418909054,random_forest
2014-02-17,0.5361725130186339,0.6023746619658946,random_forest
2014-02-24,0.5206633907412354,0.6048008327498735,random_forest
2014-03-03,0.50183088511868,0.5998892567980241,random_forest
2014-03-10,0.5007230906702944,0.5981169350179891,random_forest
2014-03-17,0.5361725130186339,0.5192137762865309,random_forest
2014-03-24,0.5250945685347778,0.5289915215227843,random_forest
2014-03-31,0.5538972241928036,0.5357179314106297,random_forest
2014-04-07,0.5439270741573331,0.5468508072782038,random_forest
2014-04-14,0.561651785331503,0.5513239798197517,random_forest
2014-04-21,0.5372803074670195,0.5592009201163972,random_forest
2014-04-28,0.5417114852605619,0.5611624854845069,random_forest
2014-05-05,0.5550050186411891,0.5584986304065017,random_forest
2014-05-12,0.5361725130186339,0.5561366064268861,random_forest
2014-05-19,0.5228789796380066,0.5608393021211407,random_forest
2014-05-26,0.5273101574315491,0.5661777123030757,random_forest
2014-06-02,0.5793764965056726,0.5727763391461482,random_forest
2014-06-09,0.6004245910249991,0.5852101118445413,random_forest
2014-06-16,0.5982090021282279,0.601548136642639,random_forest
2014-06-23,0.5815920854024438,0.612139380284176,random_forest
2014-06-30,0.6015323854733847,0.6113969981447034,random_forest
2014-07-07,0.6270116577862538,0.598309679914443,random_forest
2014-07-14,0.6812935857571486,0.5991111960068605,random_forest
2014-07-21,0.6680000523765212,0.6026833164887577,random_forest
2014-07-28,0.71120403586356,0.6037942551601292,random_forest
2014-08-04,0.7610547860409124,0.6904850484966981,random_forest
2014-08-11,0.8463549585666041,0.6875094677852055,random_forest
2014-08-18,0.85743290305046,0.6871879649515715,random_forest
2014-08-25,0.8164445084601927,0.691126251985868,random_forest
2014-09-01,0.7621625804892979,0.7635690431851947,random_forest
2014-09-08,0.7444378693151282,0.7531864849809139,random_forest
2014-09-15,0.7821028805602387,0.7477218257890703,random_forest
2014-09-22,0.778779497215082,0.7295152886373976,random_forest
2014-09-29,0.7610547860409124,0.730496326030582,random_forest
2014-10-06,0.6702156412732925,0.7182492562317473,random_forest
2014-10-13,0.6436285745120379,0.7131569100707529,random_forest
2014-10-20,0.6192570966475546,0.7130479526002963,random_forest
2014-10-27,0.6081791521636984,0.6278625636866083,random_forest
2014-11-03,0.6225804799927114,0.6259367773687486,random_forest
2014-11-10,0.6436285745120379,0.6178717910514392,random_forest
2014-11-17,0.6414129856152666,0.6103046301890847,random_forest
2014-11-24,0.5815920854024438,0.6257639302477775,random_forest
2014-12-01,0.5262023629831635,0.6125241015849426,random_forest
2014-12-08,0.5516816352960324,0.6035172827168007,random_forest
2014-12-15,0.5915622354379143,0.597412825139498,random_forest
2014-12-22,0.5959934132314567,0.5868785677754579,random_forest
2014-12-29,0.8020431806311796,0.6093942615639689,random_forest
2015-01-05,0.8148127731464032,0.6171485066506038,random_forest
2015-01-12,0.8431471129088157,0.6167757365095712,random_forest
2015-01-19,0.6267979420024845,0.7847281600643274,random_forest
2015-01-26,0.6092957307074762,0.7516586169189119,random_forest
2015-02-02,0.5655402024699554,0.734875004021428,random_forest
2015-02-09,0.5546013204105752,0.7312527701271282,random_forest
2015-02-16,0.5535074322046373,0.5664736082228455,random_forest
2015-02-23,0.5841363019709017,0.5686115726692778,random_forest
2015-03-02,0.5906996312065299,0.5676008750928303,random_forest
2015-03-09,0.5874179665887158,0.5658230993031288,random_forest
2015-03-16,0.5655402024699554,0.598252515691655,random_forest
2015-03-23,0.5567890968224513,0.6033156978989456,random_forest
2015-03-30,0.5852301901768397,0.6047379516125506,random_forest
2015-04-06,0.7077456692418979,0.6107617275355753,random_forest
2015-04-13,0.7427500918319145,0.6625287207784822,random_forest
2015-04-20,0.7416562036259764,0.6644562666557856,random_forest
2015-04-27,0.6803984640934475,0.6626832662915778,random_forest
2015-05-04,0.7405623154200386,0.6552441733398122,random_forest
2015-05-11,0.832448924718832,0.7069487265163258,random_forest
2015-05-18,0.8105711606000717,0.7112338402554703,random_forest
2015-05-25,0.8543266888375926,0.7070417700138454,random_forest
2015-06-01,0.8346367011307082,0.7072603864724045,random_forest
2015-06-08,0.8783922293682288,0.7790740255464869,random_forest
2015-06-15,0.8040078313644435,0.7777495644323541,random_forest
2015-06-22,0.8390122539544601,0.7746735760214987,random_forest
2015-06-29,0.8805800057801049,0.7423878107724663,random_forest
2015-07-06,0.9144905401641834,0.7936701636570435,random_forest
2015-07-13,0.8335428129247702,0.7834992255680443,random_forest
2015-07-20,0.8105711606000717,0.7830005827587149,random_forest
2015-07-27,0.8138528252178858,0.7787036302774457,random_forest
2015-08-03,0.8051017195703817,0.820526278705791,random_forest
2015-08-10,0.7897872846872493,0.8146730869132259,random_forest
2015-08-17,0.7536889738912947,0.8084210342961103,random_forest
2015-08-24,0.7832239554516213,0.8008679687192103,random_forest
2015-08-31,0.769003408774427,0.7624743700681841,random_forest
2015-09-07,0.7635339677447369,0.7514027271473669,random_forest
2015-09-14,0.7657217441566129,0.7413124068238937,random_forest
2015-09-21,0.7471256446556667,0.7253716441422631,random_forest
2015-09-28,0.7438439800378526,0.7253737169909718,random_forest
2015-10-05,0.6989945635943937,0.6998760718786292,random_forest
2015-10-12,0.6749290230637573,0.6893104795572593,random_forest
2015-10-19,0.6421123768856167,0.6774492783395807,random_forest
2015-10-26,0.6191407245609183,0.6338134556824069,random_forest
2015-11-02,0.6410184886796787,0.6210863352450554,random_forest
2015-11-09,0.6618023645925012,0.6122727695487118,random_forest
2015-11-16,0.6989945635943938,0.6038434342451738,random_forest
2015-11-23,0.6946190107706417,0.6680882162409305,random_forest
2015-11-30,0.6946190107706416,0.6459224599056835,random_forest
2015-12-07,0.6989945635943937,0.6232167775431795,random_forest
2015-12-14,0.6727412466518814,0.614191490779886,random_forest
2015-12-21,0.6432062650915548,0.6658360869126418,random_forest
2015-12-28,0.650619289532142,0.6603498438075348,random_forest
2016-01-04,0.754050283094296,0.6586457001819804,random_forest
2016-01-11,0.8196020294435589,0.6526025329732892,random_forest
2016-01-18,0.8188877695622155,0.7512108032143614,random_forest
2016-01-25,0.7864779633790144,0.7345164415597805,random_forest
2016-02-01,0.7724337140329606,0.721172827128763,random_forest
2016-02-08,0.773514040905734,0.7123794994669074,random_forest
2016-02-15,0.7443452153408529,0.7630838370342458,random_forest
2016-02-22,0.7983615589795215,0.7568513994188873,random_forest
2016-02-29,0.8653418250914706,0.7466772324254554,random_forest
2016-03-07,0.9506876480405669,0.7412855165493645,random_forest
2016-03-14,0.9485269942950203,0.840545405851121,random_forest
2016-03-21,0.8847877088013912,0.8361671949225834,random_forest
2016-03-28,0.8696631325825641,0.836982044980582,random_forest
2016-04-04,0.8329320189082695,0.8250067079318112,random_forest
2016-04-11,0.861020517600377,0.8388347020568665,random_forest
2016-04-18,0.7951205783612014,0.8386794784271833,random_forest
2016-04-25,0.8070041739617085,0.8386919585267553,random_forest
2016-05-02,0.773514040905734,0.8347626051493912,random_forest
2016-05-09,0.8080845008344819,0.799696059593604,random_forest
2016-05-16,0.8480565951270966,0.8034545597079308,random_forest
2016-05-23,0.8999122850202186,0.8069924895337934,random_forest
2016-05-30,0.9171975149845926,0.8080065082099289,random_forest
2016-06-06,0.9247598030940062,0.8635195271037341,random_forest
2016-06-13,0.9701335317504877,0.845684053997285,random_forest
2016-06-20,1.0273908560074763,0.8290068087122658,random_forest
2016-06-27,1.0835678533916917,0.8249165313784399,random_forest
2016-07-04,1.1397448507759071,0.9586604603616349,random_forest
2016-07-11,1.160271061358601,0.9483977833432317,random_forest
2016-07-18,1.0932907952466522,0.9316747960533264,random_forest
2016-07-25,1.0327924903713432,0.924721969070425,random_forest
2016-08-01,1.02847118288025,1.059813062245075,random_forest
2016-08-08,1.0760055652822782,1.0494249452236422,random_forest
2016-08-15,1.0716842577911847,1.0423343765175772,random_forest
2016-08-22,1.0122662797886492,1.042698243067813,random_forest
2016-08-29,0.9431253599311534,1.0408367416866726,random_forest
2016-09-05,0.9528483017861137,1.0390147844798778,random_forest
2016-09-12,1.0068646454247823,1.038771727912066,random_forest
2016-09-19,1.017667914152516,1.0396937226708072,random_forest
2016-09-26,1.017667914152516,1.0053984290167466,random_forest
2016-10-03,0.9474466674222467,1.0009341626641675,random_forest
2016-10-10,0.9776958198599012,0.9987029136776693,random_forest
2016-10-17,0.9571696092772072,1.0064324100820572,random_forest
2016-10-24,0.9463663405494733,0.9776332204621854,random_forest
2016-10-31,0.9225991493484592,0.9787589278819542,random_forest
2016-11-07,0.9323220912034195,0.9797559689478484,random_forest
2016-11-14,1.0025433379336885,0.9806538307951009,random_forest
2016-11-21,1.0263105291347028,0.9716405234551619,random_forest
2016-11-28,1.0489973934629437,0.9693002671935155,random_forest
2016-12-05,1.0565596815723575,0.9695714231950933,random_forest
2016-12-12,1.0565596815723575,0.9682415264701183,random_forest
2016-12-19,1.067362950300091,1.0300468858661096,random_forest
2016-12-26,1.108415371465479,1.0285383425384707,random_forest
2017-01-02,1.124562637336965,1.0362051313157234,random_forest
2017-01-09,1.140299790561782,1.037330399481676,random_forest
2017-01-16,1.0863051863442896,1.0884219947872784,random_forest
2017-01-23,1.0745671145861488,1.0752950296289707,random_forest
2017-01-30,1.0297490224187027,1.0694535424885794,random_forest
2017-02-06,0.9945348071442807,1.0692028045231667,random_forest
2017-02-13,0.9486496175442763,1.0124123417731086,random_forest
2017-02-20,0.9209050842977621,1.0067924568751987,random_forest
2017-02-27,0.9230392791628786,1.0112150168853657,random_forest
2017-03-06,0.9198379868652037,1.0112063319945985,random_forest
2017-03-13,0.9102341099721797,0.9500978128289705,random_forest
2017-03-20,0.9475825201117182,0.9587041590316012,random_forest
2017-03-27,0.9924006122791645,0.9715077091361765,random_forest
2017-04-03,1.0276148275535864,0.9741162023060979,random_forest
2017-04-10,0.9731928584931159,1.0220198183465563,random_forest
2017-04-17,0.9401128380838104,1.0256502309774655,random_forest
2017-04-24,0.8888921613210149,1.0318810378342649,random_forest
2017-05-01,0.8942276484838061,1.045493401014,random_forest
2017-05-08,0.8835566741582236,0.9351957840690854,random_forest
2017-05-15,0.9166366945675292,0.9516247423213495,random_forest
2017-05-22,0.9529180072745094,0.9785288705000987,random_forest
2017-05-29,0.9731928584931161,0.9929624041419064,random_forest
2017-06-05,0.9817296379535819,0.9788520619706865,random_forest
2017-06-12,0.9731928584931159,0.9863253053437603,random_forest
2017-06-19,0.999870294307072,0.9900807306346059,random_forest
2017-06-26,0.9817296379535817,0.9856037458570778,random_forest
2017-07-03,1.1332574733768521,0.9909288025785912,random_forest
2017-07-10,1.123653596483828,0.9904451788349867,random_forest
2017-07-17,1.1578007143256916,0.9942043330672858,random_forest
2017-07-24,1.0350845095814938,0.9906313458654259,random_forest
2017-07-31,1.0180109506605621,1.0466611090507403,random_forest
2017-08-07,1.016943853228004,1.0498176949229385,random_forest
2017-08-14,1.0276148275535861,1.0466585315638617,random_forest
2017-08-21,1.016943853228004,1.0344646994461706,random_forest
2017-08-28,0.9838638328186983,1.0006328575922314,random_forest
2017-09-04,0.9667902738977666,0.9943555958141019,random_forest
2017-09-11,1.0009373917396303,0.9933841522600823,random_forest
2017-09-18,1.035084509581494,1.0012661259013795,random_forest
2017-09-25,1.0756342120187072,1.0110080520662745,random_forest
2017-10-02,1.1172510118884784,0.9980610773364262,random_forest
2017-10-09,1.127921986214061,0.9939962733628103,random_forest
2017-10-16,1.1791426629768564,0.9947038164938645,random_forest
2017-10-23,1.2741143344745403,1.0654353290843406,random_forest
2017-10-30,1.260242067851283,1.0502995701107043,random_forest
2017-11-06,1.2495710935257005,1.0463992467500405,random_forest
2017-11-13,1.1887465398698807,1.0439522333381759,random_forest
2017-11-20,1.2794498216373313,1.1650392355242518,random_forest
2017-11-27,1.3061272574512872,1.1538483747521564,random_forest
2017-12-04,1.238900119200118,1.154505604633867,random_forest
2017-12-11,1.2111555859536036,1.153992426440539,random_forest
2017-12-18,1.0692316274233578,1.2440774509716166,random_forest
2017-12-25,1.1204523041861532,1.2449170019960614,random_forest
2018-01-01,1.1226507192377777,1.2282837559995141,random_forest
2018-01-08,1.246149709410888,1.227182697209656,random_forest
2018-01-15,1.2537162865181302,1.1760028451138953,random_forest
2018-01-22,1.1935125558260211,1.176340198540009,random_forest
2018-01-29,1.134365030935528,1.1799489780293277,random_forest
2018-02-05,1.135421236737144,1.1810359323808803,random_forest
2018-02-12,1.115353326506441,1.1747593068979438,random_forest
2018-02-19,1.056205801615948,1.1799497326289377,random_forest
2018-02-26,0.9474166040495051,1.1861363087971644,random_forest
2018-03-05,0.9548100446608166,1.1716675382872237,random_forest
2018-03-12,0.9600910736688965,0.9780427402308723,random_forest
2018-03-19,0.9769903664947517,0.9789663219091292,random_forest
2018-03-26,0.9410793692398093,0.9768901419974024,random_forest
2018-04-02,0.949529015652737,0.9827722666062443,random_forest
2018-04-09,1.0245196275674695,0.9609438340989094,random_forest
2018-04-16,1.0984540336805857,0.9720955797799435,random_forest
2018-04-23,1.115353326506441,0.9731880662204265,random_forest
2018-04-30,1.073105094441803,0.973612668027413,random_forest
2018-05-07,1.0815547408547308,1.0768964729775516,random_forest
2018-05-14,1.115353326506441,1.081391895970372,random_forest
2018-05-21,1.2748404025504492,1.0892508134524657,random_forest
2018-05-28,1.3477186028619499,1.093741523037346,random_forest
2018-06-04,1.4998122382946464,1.2319585281964271,random_forest
2018-06-11,1.5557911457802913,1.227647295902234,random_forest
2018-06-18,1.6381751983063355,1.2123202150421146,random_forest
2018-06-25,1.6772548129661253,1.2137516615181652,random_forest
2018-07-02,1.6635241375451184,1.4085607537018805,random_forest
2018-07-09,1.6740861955612776,1.4416775832921425,random_forest
2018-07-16,1.6350065809014875,1.4487217649539539,random_forest
2018-07-23,1.5652969979948352,1.4184424588972782,random_forest
2018-07-30,1.5209363543269652,1.5433094887472432,random_forest
2018-08-06,1.4776319164607115,1.5423657934093638,random_forest
2018-08-13,1.4575640062300084,1.5382939679080938,random_forest
2018-08-20,1.4279902437847616,1.536575169376438,random_forest
2018-08-27,1.316032428813471,1.4896725857813258,random_forest
2018-09-03,1.2653345503359057,1.4908164911952098,random_forest
2018-09-10,1.1966811732308689,1.4966555315796757,random_forest
2018-09-17,1.199849790635717,1.4987653692369407,random_forest
2018-09-24,1.156545352769463,1.245364343137576,random_forest
2018-10-01,1.1100722974983614,1.2469364830874228,random_forest
2018-10-08,1.0488123610046363,1.2454066227463731,random_forest
2018-10-15,1.0593744190207957,1.2500098030314455,random_forest
2018-10-22,1.0572620074175638,1.0961953997795009,random_forest
2018-10-29,1.1111285032999774,1.1060258311229478,random_forest
2018-11-05,1.1142971207048251,1.1000723802589245,random_forest
2018-11-12,1.1480957063565354,1.1086819311297555,random_forest
2018-11-19,1.1248591787209845,1.1362175311503508,random_forest
2018-11-26,1.0804985350531147,1.1495194957244816,random_forest
2018-12-03,1.0667678596321073,1.1454723690044089,random_forest
2018-12-10,1.055149595814332,1.1396632564845495,random_forest
2018-12-17,1.0593744190207957,1.062617574785676,random_forest
2018-12-24,1.0055079231383826,1.072710213078129,random_forest
2018-12-31,1.0424751261949405,1.0760546525136698,random_forest
2019-01-07,1.1204894024659093,1.0799375318057551,random_forest
2019-01-14,1.2423567497643042,1.0984002685138534,random_forest
2019-01-21,1.2967585186660602,1.0912345151455454,random_forest
2019-01-28,1.2988333322959258,1.0888637475472724,random_forest
2019-02-04,1.3143944345199186,1.08443546219749,random_forest
2019-02-11,1.338254791263374,1.3049992206648524,random_forest
2019-02-18,1.4046488274190765,1.3078326391489261,random_forest
2019-02-25,1.4565191681657188,1.2963353586935122,random_forest
2019-03-04,1.3963495728996138,1.2907634327466015,random_forest
2019-03-11,1.372489216156158,1.397865639127445,random_forest
2019-03-18,1.2562996528836792,1.3986648433404478,random_forest
2019-03-25,1.223102634805828,1.3921740294715552,random_forest
2019-04-01,1.14737193731573,1.3759927659663187,random_forest
2019-04-08,1.1276612078320059,1.1673887995888161,random_forest
2019-04-15,1.0903145624944235,1.1446391649987215,random_forest
2019-04-22,1.037406814932848,1.1448925923293278,random_forest
2019-04-29,0.9979853559653998,1.1584622967708342,random_forest
2019-05-06,1.0052472036699298,1.0534020665841606,random_forest
2019-05-13,1.0166586786341911,1.0718903579797874,random_forest
2019-05-20,1.009396830929661,1.0879642907674376,random_forest
2019-05-27,1.0291075604133852,1.093088177419446,random_forest
2019-06-03,1.0737160534554977,1.038177462003355,random_forest
2019-06-10,1.1484093441306629,1.047010358513392,random_forest
2019-06-17,1.2002796848773054,1.0586632846100863,random_forest
2019-06-24,1.2189530075460966,1.0675811380740559,random_forest
2019-07-01,1.258374466513545,1.182784832351238,random_forest
2019-07-08,1.326843316299113,1.1839717920590218,random_forest
2019-07-15,1.415022895568405,1.1985122965890302,random_forest
2019-07-22,1.4803795249091742,1.198624847531971,random_forest
2019-07-29,1.4938658135033016,1.4644639367845076,random_forest
2019-08-05,1.4710428635747788,1.4523442674151648,random_forest
2019-08-12,1.4523695409059876,1.4254061698258655,random_forest
2019-08-19,1.4399206591267932,1.4055316657885655,random_forest
2019-08-26,1.4720802703897116,1.4000023915684368,random_forest
2019-09-02,1.3973869797145466,1.3679464800592496,random_forest
2019-09-09,1.32580590948418,1.3498458667658033,random_forest
2019-09-16,1.285347043701799,1.3391854270600234,random_forest
2019-09-23,1.2874218573316647,1.2799800608036531,random_forest
2019-09-30,1.3216562822244486,1.2524420490995831,random_forest
2019-10-07,1.2967585186660602,1.2279925800676665,random_forest
2019-10-14,1.3040203663705903,1.183743994570362,random_forest
2019-10-21,1.2822348232570004,1.267039144270812,random_forest
2019-10-28,1.2780851959972688,1.2404107371613766,random_forest
2019-11-04,1.3029829595556572,1.212061628344751,random_forest
2019-11-11,1.3206188754095158,1.1676468973113594,random_forest
2019-11-18,1.2967585186660602,1.2899876805337664,random_forest
2019-11-25,1.2832722300719333,1.281807136414007,random_forest
2019-12-02,1.2054667189519694,1.2830665572545004,random_forest
2019-12-09,1.131810835091737,1.2864558991711785,random_forest
2019-12-16,1.0529679171568407,1.153085136370199,random_forest
2019-12-23,1.0540053239717735,1.1439619854359178,random_forest
2019-12-30,1.0125090513744597,1.145100451245516,random_forest
2020-01-06,1.0673788236958874,1.146421019540223,random_forest
2020-01-13,1.062943883224606,1.0831573901511342,random_forest
2020-01-20,1.073787444684621,1.1032167358001188,random_forest
2020-01-27,1.0032914088299691,1.111951962541672,random_forest
2020-02-03,0.9501639615192171,1.1198166941142906,random_forest
2020-02-10,0.9358604180124762,1.0218398960995971,random_forest
2020-02-17,0.9154267844314178,1.037594568818422,random_forest
2020-02-24,0.9215568745057353,1.0583650245353553,random_forest
2020-03-02,0.9573157332725878,1.0623037764809056,random_forest
2020-03-09,0.9787710485326991,0.9664464097479617,random_forest
2020-03-16,1.0247467240900805,0.9717055956489096,random_forest
2020-03-23,0.977749366853646,0.9777579488077368,random_forest
2020-03-30,0.8357356134652898,0.9811011176857297,random_forest
2020-04-06,0.6313992776547054,0.934136729609599,random_forest
2020-04-13,0.5476213799723658,0.9281655304620476,random_forest
2020-04-20,0.6089222807155411,0.9373986557201605,random_forest
2020-04-27,0.6998519501512511,0.9425741084695517,random_forest
2020-05-04,0.7907816195869612,0.7489692217147909,random_forest
2020-05-11,0.8837546523807772,0.743640294625785,random_forest
2020-05-18,1.0380285859177685,0.7745812857398904,random_forest
2020-05-25,1.1677821591574895,0.8053700214037618,random_forest
2020-06-01,1.3097959125458456,1.0544204656456262,random_forest
2020-06-08,1.4150291254882967,1.0564574475119606,random_forest
2020-06-15,1.5355875636165417,1.0639348134736744,random_forest
2020-06-22,1.5662380139881293,1.0764299353932947,random_forest
2020-06-29,1.6142570529036167,1.564041389196393,random_forest
2020-07-06,1.661254410140051,1.5844419283002442,random_forest
2020-07-13,1.7511623978967084,1.589179721202768,random_forest
2020-07-20,1.9054363314336997,1.5749214689665203,random_forest
2020-07-27,2.0157779527714155,1.6322297557425745,random_forest
2020-08-03,2.204789063396206,1.5575035941578992,random_forest
2020-08-10,2.215005880186735,1.5226476921833805,random_forest
2020-08-17,2.222157651940105,1.4846397079047755,random_forest
2020-08-24,2.0617536283287965,1.940599356780433,random_forest
2020-08-31,1.9953443191903568,1.906958990990142,random_forest
2020-09-07,1.8185933887142012,1.780169466519821,random_forest
2020-09-14,1.662276091819104,1.7549620246097017,random_forest
2020-09-21,1.467134891119996,1.8479107684393086,random_forest
2020-09-28,1.3465764529917512,1.9098429641949188,random_forest
2020-10-05,1.1984326095290774,1.9151768058897352,random_forest
2020-10-12,1.0931993965866265,1.8858290647845284,random_forest
2020-10-19,1.0400719492758743,1.1717115959187738,random_forest
2020-10-26,1.109546303451473,1.1793073640391134,random_forest
2020-11-02,1.135088345427796,1.1765181877148174,random_forest
2020-11-09,1.1974109278500242,1.1815933639835496,random_forest
2020-11-16,1.1708472041946485,1.1510285084606955,random_forest
2020-11-23,1.2648419186675175,1.1326915053775957,random_forest
2020-11-30,1.3169476842992165,1.1232661850570989,random_forest
2020-12-07,1.4180941705254557,1.1266185178990904,random_forest
2020-12-14,1.4477229392179904,1.3660102352726677,random_forest
2020-12-21,1.4334193957112493,1.3480799254197837,random_forest
2020-12-28,1.4456795758598844,1.3310367681212385,random_forest
2021-01-04,1.6463888244718934,1.3421229066371507,random_forest
2021-01-11,1.9323876083055922,1.515557513332318,random_forest
2021-01-18,2.3257946508781426,1.491156624460164,random_forest
2021-01-25,2.5962124237351243,1.4516877386267202,random_forest
2021-02-01,2.7929716241347933,1.4332403298852148,random_forest
2021-02-08,2.775818257946104,2.227758100659375,random_forest
2021-02-15,2.707204793191348,2.1657711374416375,random_forest
2021-02-22,2.685006319300103,2.161839270556944,random_forest
2021-03-01,2.7223401162990144,2.127615069169584,random_forest
2021-03-08,2.772791193324571,2.4541268910792375,random_forest
2021-03-15,2.853391833980599,2.323431195426925,random_forest
2021-03-22,2.936010517717649,2.280286817456324,random_forest
2021-03-29,2.9812954044557887,2.2461079333952854,random_forest
2021-04-05,2.9812954044557887,2.673327559198768,random_forest
2021-04-12,2.9812954044557887,2.6361254119525603,random_forest
2021-04-19,2.9812954044557887,2.6322083642633753,random_forest
2021-04-26,2.9812954044557887,2.6273537831855807,random_forest
2021-05-03,2.9812954044557887,2.937313609053747,random_forest
2021-05-10,2.9812954044557887,2.9331719497133895,random_forest
2021-05-17,2.9812954044557887,2.9065378789569705,random_forest
2021-05-24,2.8936316130161814,2.8034052488013232,random_forest
2021-05-31,2.747444572226931,2.8755846530283535,random_forest
2021-06-07,2.4388050634153884,2.8303818003265064,random_forest
2021-06-14,2.1401346874240956,2.8103974689544464,random_forest
2021-06-21,1.7445982435437344,2.775435829807137,random_forest
2021-06-28,1.5044511169020867,2.0279623211149516,random_forest
2021-07-05,1.3450257135013288,2.03720819600995,random_forest
2021-07-12,1.3752963597166625,2.0953068900348617,random_forest
2021-07-19,1.3985038551484186,2.1068379342219314,random_forest
2021-07-26,1.2895295287732171,1.4619162144305045,random_forest
2021-08-02,1.2602679040983946,1.478490635683701,random_forest
2021-08-09,1.2027536762892603,1.4885939697281063,random_forest
2021-08-16,1.2269701932615273,1.4966423518632215,random_forest
2021-08-23,1.2279792148020385,1.2242447883619465,random_forest
2021-08-30,1.1472574915611486,1.219586178544626,random_forest
2021-09-06,1.110932716102748,1.1988518691354948,random_forest
2021-09-13,1.0029674112680578,1.1878126302274865,random_forest
2021-09-20,1.061490660617703,1.083061770046339,random_forest
2021-09-27,1.0564455529151475,1.077410213741119,random_forest
2021-10-04,1.0362651221049248,1.088969641340596,random_forest
2021-10-11,0.9706787219717018,1.0883194093297048,random_forest
2021-10-18,0.9595794850260794,1.0353753867343252,random_forest
2021-10-25,0.9777418727552796,1.039607690932483,random_forest
2021-11-01,1.0483733805910582,1.0592807066189365,random_forest
2021-11-08,1.1371672761560374,1.0705301235450935,random_forest
2021-11-15,1.2279792148020385,1.1138984769958304,random_forest
2021-11-22,1.2410964948286833,1.12739104843148,random_forest
2021-11-29,1.2279792148020388,1.1509656712747023,random_forest
2021-12-06,1.1724830300739268,1.1828418800047873,random_forest
2021-12-13,1.3087009380429286,1.1873721666597106,random_forest
2021-12-20,1.3319084334746842,1.1839796189426486,random_forest
2021-12-27,1.4509729752549971,1.1761512780781662,random_forest
2022-01-03,1.439110005153313,1.1677583823650142,random_forest
2022-01-10,1.5784037263999986,1.4597827220705566,random_forest
2022-01-17,1.6358902707487222,1.4664518851803419,random_forest
2022-01-24,1.603950985413787,1.4769187468354932,random_forest
2022-01-31,1.6608428374166406,1.4553877587788937,random_forest
2022-02-07,1.644873194749173,1.6171694330739093,random_forest
2022-02-14,1.5989604720802033,1.6133215472450246,random_forest
2022-02-21,1.3743873720689386,1.5834864454447384,random_forest
2022-02-28,1.1887402760596266,1.5847125047248682,random_forest
2022-03-07,1.0999091387218374,1.279631181319997,random_forest
2022-03-14,1.0769527773873524,1.2600375837580553,random_forest
2022-03-21,1.1448237587240901,1.2514660619470104,random_forest
2022-03-28,1.205708021393811,1.241387705916171,random_forest
2022-04-04,1.2206795613945618,1.1613230671406298,random_forest
2022-04-11,1.1827516600593262,1.1501022766236608,random_forest
2022-04-18,1.1438256560573736,1.140240450495744,random_forest
2022-04-25,1.1338446293902062,1.1331897027107563,random_forest
2022-05-02,1.1029034467219876,1.1412759023250911,random_forest
2022-05-09,1.1368389373903565,1.1462092496189895,random_forest
2022-05-16,1.205708021393811,1.1419585054126309,random_forest
2022-05-23,1.3214879307329517,1.1543499318865158,random_forest
2022-05-30,1.372391166735505,1.296267793005038,random_forest
2022-06-06,1.3933513227365566,1.3593494819197072,random_forest
2022-06-13,1.473199536073895,1.3866065197093886,random_forest
2022-06-20,1.5251008747431651,1.3982026928669968,random_forest
2022-06-27,1.5899775480797527,1.5009416958556838,random_forest
2022-07-04,1.6748162747506747,1.4958524326451048,random_forest
2022-07-11,1.659844734749924,1.4950909411820468,random_forest
2022-07-18,1.621916833414688,1.4674009476138075,random_forest
2022-07-25,1.4372678400720929,1.6027333314992807,random_forest
2022-08-01,1.4412602507389594,1.5225435356342731,random_forest
2022-08-08,1.4532374827395607,1.4716691267785569,random_forest
2022-08-15,1.4242925054047753,1.4138324883657223,random_forest
2022-08-22,1.3893589120696896,1.3729692548389485,random_forest
2022-08-29,1.332467060066836,1.3173888838482692,random_forest
2022-09-05,1.358417729401471,1.2767272574179434,random_forest
2022-09-12,1.2855562347311495,1.261165204079489,random_forest
2022-09-19,1.3095106987323513,1.288566919613211,random_forest
2022-09-26,1.2266681773948622,1.2825629422376785,random_forest
2022-10-03,1.2306605880617292,1.2758032831573196,random_forest
2022-10-10,1.1558028880579743,1.277711856443608,random_forest
2022-10-17,1.2216776640612785,1.1630381989792105,random_forest
2022-10-24,1.2266681773948624,1.1591354454932445,random_forest
2022-10-31,1.2216776640612788,1.153447057446021,random_forest
2022-11-07,1.1927326867264936,1.1594358813628918,random_forest
2022-11-14,1.2256700747281457,1.1829658611438585,random_forest
2022-11-21,1.3035220827320506,1.1948670328944453,random_forest
2022-11-28,1.4602242014065776,1.19368864465767,random_forest
2022-12-05,1.5510515440778,1.1973046436999473,random_forest
2022-12-12,1.6418788867490226,1.503361113000457,random_forest
2022-12-19,1.5799965214125853,1.5323020097454578,random_forest
2022-12-26,1.432277326738509,1.5627150762499409,random_forest
2023-01-02,1.4170459321729787,1.6426868753479817,random_forest
2023-01-09,1.3865170199585097,1.5392914020336865,random_forest
2023-01-16,1.430159415234599,1.5177016404001533,random_forest
2023-01-23,1.335276689690355,1.4658155674734004,random_forest
2023-01-30,1.3787646055647997,1.441835639034073,random_forest
2023-02-06,1.4914378421485903,1.3460696629927764,random_forest
2023-02-13,1.5131818000858128,1.3170164819918555,random_forest
2023-02-20,1.5685300566532885,1.3053044244728305,random_forest
2023-02-27,1.5240537790544242,1.296312057437455,random_forest
2023-03-06,1.6377153773626336,1.459634329506178,random_forest
2023-03-13,1.6732963994417254,1.4324122670937647,random_forest
2023-03-20,1.9193984688221086,1.4197943731021265,random_forest
2023-03-27,2.077536344729183,1.3964416101665489,random_forest
2023-04-03,2.1931746664862306,2.161263294872289,random_forest
2023-04-10,2.1556169209583005,2.229431610988313,random_forest
2023-04-17,2.1783492406199425,2.286644737991414,random_forest
2023-04-24,2.2761970513374443,2.380463343776366,random_forest
2023-05-01,2.3177082437630516,2.2971163794156944,random_forest
2023-05-08,2.2060233689036806,2.296458341393287,random_forest
2023-05-15,2.0577691102407987,2.2807183490267358,random_forest
2023-05-22,1.9688165550430696,2.28706523670616,random_forest
2023-05-29,1.966839831594231,1.9893066883968349,random_forest
2023-06-05,2.003409215397742,1.960395728601076,random_forest
2023-06-12,2.0053859388465805,1.9587004869534743,random_forest
2023-06-19,1.9856187043581963,1.8913992355552292,random_forest
2023-06-26,1.9253286391686242,1.9055193091667548,random_forest
2023-07-03,1.881840723294179,1.9137395230357208,random_forest
2023-07-10,1.8768989146720827,1.9290049192789518,random_forest
2023-07-17,1.8126554025848343,1.9225174506040854,random_forest
2023-07-24,1.7790511039545809,1.7923447458521786,random_forest
2023-07-31,1.7533536991196812,1.733535255745306,random_forest
2023-08-07,1.7256795708359434,1.658563064115219,random_forest
2023-08-14,1.687133463583594,1.5979215827529887,random_forest
2023-08-21,1.625855036669603,1.6196869481013734,random_forest
2023-08-28,1.630796845291699,1.5446584190764194,random_forest
2023-09-04,1.6950403573789476,1.484852281189326,random_forest
2023-09-11,1.728644656009201,1.4259452296916002,random_forest
2023-09-18,1.7029472511743016,1.6847206915589934,random_forest
2023-09-25,1.6584709735754373,1.6847616712535844,random_forest
2023-10-02,1.621901589771926,1.6740770064370452,random_forest
2023-10-09,1.6574826118510178,1.6924613162522981,random_forest
2023-10-16,1.6288201218428604,1.645197286612655,random_forest
2023-10-23,1.6634127821975329,1.6352645722133117,random_forest
2023-10-30,1.5823671207951577,1.6126386294497,random_forest
2023-11-06,1.6268433983940225,1.605378869579788,random_forest
2023-11-13,1.6416688242603101,1.6032141608269717,random_forest
2023-11-20,1.676261484614983,1.5964527187208575,random_forest
2023-11-27,1.6060878021812188,1.5810066343681,random_forest
2023-12-04,1.5724835035509654,1.5681633140228934,random_forest
2010-12-27,0.6127509123073258,0.6750622111246327,xgboost
2011-01-03,0.5877831026730659,0.6680024621308736,xgboost
2011-01-10,0.6085807443785983,0.6641248963227238,xgboost
2011-01-17,0.5735559803939214,0.6634873287211317,xgboost
2011-01-24,0.5551284790158034,0.583385650533796,xgboost
2011-01-31,0.5274872269486265,0.5898346555719114,xgboost
2011-02-07,0.5090597255705084,0.5953870728507196,xgboost
2011-02-14,0.4837219111755963,0.6063642466325617,xgboost
2011-02-21,0.4768115981588021,0.4908150985740707,xgboost
2011-02-28,0.4710530039781402,0.5017504288570037,xgboost
2011-03-07,0.4618392532890812,0.5046678812840677,xgboost
2011-03-14,0.46183925328908115,0.5350949485359651,xgboost
2011-03-21,0.47911503583106674,0.47176697349446906,xgboost
2011-03-28,0.5125148820789056,0.4804258490721237,xgboost
2011-04-04,0.5194251950956998,0.48524342654894115,xgboost
2011-04-11,0.5816180122468481,0.49507657047299136,xgboost
2011-04-18,0.5666456673771272,0.5921891840134058,xgboost
2011-04-25,0.5666456673771272,0.5882727109572129,xgboost
2011-05-02,0.4871770676839933,0.5784199668520481,xgboost
2011-05-09,0.4756598793226697,0.5771428146113625,xgboost
2011-05-16,0.46414269096134597,0.4804010978869866,xgboost
2011-05-23,0.4837219111755963,0.48797789644423617,xgboost
2011-05-30,0.5056045690621114,0.4966821880722213,xgboost
2011-06-06,0.550521603671274,0.52375359540731,xgboost
2011-06-13,0.541307852982215,0.5572517397741353,xgboost
2011-06-20,0.5608870731964654,0.5715947831033636,xgboost
2011-06-27,0.5735559803939214,0.5849088747488242,xgboost
2011-07-04,0.5747076992300538,0.6092932222159131,xgboost
2011-07-11,0.5516733225074063,0.5878899652823879,xgboost
2011-07-18,0.5516733225074063,0.6071663739090232,xgboost
2011-07-25,0.5701008238855242,0.6046981121505239,xgboost
2011-08-01,0.6023489512972308,0.6106538659319319,xgboost
2011-08-08,0.6127144208224221,0.5981009405383202,xgboost
2011-08-15,0.63114192220054,0.5984891963442537,xgboost
2011-08-22,0.6104109831501573,0.5845820494114522,xgboost
2011-08-29,0.63114192220054,0.6060890461175472,xgboost
2011-09-05,0.6253833280198782,0.6338894528026396,xgboost
2011-09-12,0.6426591105618638,0.6367306656072501,xgboost
2011-09-19,0.6288384845282753,0.6338988994077904,xgboost
2011-09-26,0.6852727074987616,0.6312118401362442,xgboost
2011-10-03,0.7037002088768795,0.6761111745796103,xgboost
2011-10-10,0.662238330776114,0.6922425817612242,xgboost
2011-10-17,0.6438108293979962,0.7010344890452235,xgboost
2011-10-24,0.6322936410366724,0.764059537586418,xgboost
2011-10-31,0.6253833280198782,0.6414638280781569,xgboost
2011-11-07,0.5954386382804365,0.6476980421069626,xgboost
2011-11-14,0.5735559803939214,0.6795826325939148,xgboost
2011-11-21,0.5885283252636423,0.6739051485626428,xgboost
2011-11-28,0.5539767601796711,0.5825992124474593,xgboost
2011-12-05,0.5125148820789056,0.5945713879660138,xgboost
2011-12-12,0.4975425372091848,0.599947748213487,xgboost
2011-12-19,0.4998459748814495,0.6026835119266486,xgboost
2011-12-26,0.5332458211292883,0.5117320991527243,xgboost
2012-01-02,0.5638964133764381,0.552503621321961,xgboost
2012-01-09,0.625342949281054,0.5673831236856649,xgboost
2012-01-16,0.6217724878541516,0.5829270440645182,xgboost
2012-01-23,0.6001752716398392,0.5896313103341339,xgboost
2012-01-30,0.5956284892789313,0.5679474553610652,xgboost
2012-02-06,0.6001752716398392,0.5762143652381743,xgboost
2012-02-13,0.6172257054932437,0.5707217465669651,xgboost
2012-02-20,0.6001752716398392,0.6315438582521727,xgboost
2012-02-27,0.6183624010834706,0.6391321265685732,xgboost
2012-03-05,0.5819881421962076,0.6320784185711499,xgboost
2012-03-12,0.568347795113484,0.6394803659570217,xgboost
2012-03-19,0.5672110995232571,0.585767773647505,xgboost
2012-03-26,0.6308660525759673,0.6011046970731735,xgboost
2012-04-02,0.6115422275421089,0.5974689584033549,xgboost
2012-04-09,0.6376862261173292,0.5897616434896924,xgboost
2012-04-16,0.6263192702150594,0.6449846613879823,xgboost
2012-04-23,0.6547366599707336,0.6429640895992906,xgboost
2012-04-30,0.6297293569857404,0.6430749481645418,xgboost
2012-05-07,0.6183624010834706,0.6624534001293714,xgboost
2012-05-14,0.6490531820195988,0.6265394081845532,xgboost
2012-05-21,0.6399596172977831,0.6204833322380835,xgboost
2012-05-28,0.6558733555609605,0.6361953129577657,xgboost
2012-06-04,0.6274559658052864,0.6360254335053219,xgboost
2012-06-11,0.676333876185046,0.6187118087592779,xgboost
2012-06-18,0.6547366599707337,0.6074100458957256,xgboost
2012-06-25,0.6513265732000527,0.615785819303673,xgboost
2012-07-02,0.606995445181201,0.640198134586937,xgboost
2012-07-09,0.6490531820195987,0.6177415315273097,xgboost
2012-07-16,0.6933843100384506,0.6312798037858381,xgboost
2012-07-23,0.7274851777452597,0.651316399595648,xgboost
2012-07-30,0.6911109188579966,0.6479115163617291,xgboost
2012-08-06,0.6729237894143653,0.691426877244942,xgboost
2012-08-13,0.677470571775273,0.6873434873333814,xgboost
2012-08-20,0.6842907453166349,0.6853714888928095,xgboost
2012-08-27,0.6490531820195988,0.7263485743435169,xgboost
2012-09-03,0.6172257054932437,0.6517699110285766,xgboost
2012-09-10,0.6274559658052864,0.6513410063108342,xgboost
2012-09-17,0.6479164864293718,0.651713202982573,xgboost
2012-09-24,0.6331394437564213,0.6522234485320143,xgboost
2012-10-01,0.6047220540007471,0.6306610404217511,xgboost
2012-10-08,0.572894577474392,0.6376021280812265,xgboost
2012-10-15,0.5638010127525762,0.6388331921730351,xgboost
2012-10-22,0.5456138833089447,0.6381654759207173,xgboost
2012-10-29,0.5467505788991717,0.5237312985750627,xgboost
2012-11-05,0.5876716201473425,0.5298616035768388,xgboost
2012-11-12,0.6126789231323359,0.5342939941651008,xgboost
2012-11-19,0.6183624010834706,0.5402318024625867,xgboost
2012-11-26,0.6138156187225629,0.6260070012883652,xgboost
2012-12-03,0.6160890099030167,0.6281961939901133,xgboost
2012-12-10,0.571757881884165,0.640798267385863,xgboost
2012-12-17,0.5171964935532705,0.643024561431798,xgboost
2012-12-24,0.4955992773389581,0.5281994868214647,xgboost
2012-12-31,0.5831248377864346,0.5831443465776766,xgboost
2013-01-07,0.6673864225270564,0.5926626723850341,xgboost
2013-01-14,0.7042873456995725,0.5986379788979426,xgboost
2013-01-21,0.7091412424102949,0.6764303982902947,xgboost
2013-01-28,0.6810897692136851,0.6557577381429402,xgboost
2013-02-04,0.6507941781613465,0.6491348488074297,xgboost
2013-02-11,0.6294750585319232,0.6416750268613345,xgboost
2013-02-18,0.6586485906563974,0.6264542889232465,xgboost
2013-02-25,0.6799677102858208,0.6332329988572214,xgboost
2013-03-04,0.6855780049251426,0.6329972383585547,xgboost
2013-03-11,0.6642588852957193,0.621401374530091,xgboost
2013-03-18,0.6328412353155164,0.6709835680817811,xgboost
2013-03-25,0.6070338799746353,0.6575627901034192,xgboost
2013-04-01,0.5946912317681271,0.6562851273379265,xgboost
2013-04-08,0.6137662335418217,0.6241597364268804,xgboost
2013-04-15,0.6036677031910421,0.600350474719929,xgboost
2013-04-22,0.5767382889222968,0.5943934757838394,xgboost
2013-04-29,0.5632735817879241,0.6022658251253468,xgboost
2013-05-06,0.5408324032306363,0.6147391904663121,xgboost
2013-05-13,0.543076521086365,0.552232420745055,xgboost
2013-05-20,0.5969353496238557,0.5523689866590413,xgboost
2013-05-27,0.6429397656662958,0.556171603484396,xgboost
2013-06-03,0.7024088888431086,0.5687071639918957,xgboost
2013-06-10,0.7181177138332101,0.6877074015271479,xgboost
2013-06-17,0.7618780120199213,0.6735337366752772,xgboost
2013-06-24,0.7024088888431086,0.6626591235816538,xgboost
2013-07-01,0.7304603620397184,0.6674008766000229,xgboost
2013-07-08,0.6900662406366003,0.7456846831199192,xgboost
2013-07-15,0.7270941852561252,0.7559649948341781,xgboost
2013-07-22,0.6822118281415496,0.723234285739554,xgboost
2013-07-29,0.7327044798954471,0.7133576948132047,xgboost
2013-08-05,0.7674883066592432,0.7078861656644327,xgboost
2013-08-12,0.8011500744951751,0.7120035543347457,xgboost
2013-08-19,0.7888074262886667,0.688363409693584,xgboost
2013-08-26,0.7585118352363281,0.676958774643397,xgboost
2013-09-02,0.7349485977511758,0.7520804146404637,xgboost
2013-09-09,0.7394368334626336,0.7588318725727394,xgboost
2013-09-16,0.7327044798954471,0.7446499954211244,xgboost
2013-09-23,0.6586485906563974,0.7638192003289035,xgboost
2013-09-30,0.6160103513975504,0.6952862092173265,xgboost
2013-10-07,0.6249868228204656,0.719100543498414,xgboost
2013-10-14,0.6395735888827027,0.7478902898903019,xgboost
2013-10-21,0.6451838835220247,0.7491575025866041,xgboost
2013-10-28,0.6204985871090081,0.6230090550832269,xgboost
2013-11-04,0.6182544692532793,0.6064358668133014,xgboost
2013-11-11,0.6036677031910421,0.5975521798530342,xgboost
2013-11-18,0.5902029960566695,0.594346625076618,xgboost
2013-11-25,0.5991794674795846,0.5820570949627389,xgboost
2013-12-02,0.6227427049647368,0.5661635833167302,xgboost
2013-12-09,0.614888292469686,0.529858731193526,xgboost
2013-12-16,0.600301526407449,0.5222362937944549,xgboost
2013-12-23,0.5498088746535514,0.5930253941025533,xgboost
2013-12-30,0.5868368192730763,0.6140379984745677,xgboost
2014-01-06,0.6410234904651794,0.6217547400320884,xgboost
2014-01-13,0.6697879472623286,0.6241441020966698,xgboost
2014-01-20,0.696802708034547,0.6764976478439378,xgboost
2014-01-27,0.6535987245475083,0.6548190595561816,xgboost
2014-02-03,0.6259038633378681,0.6328666210589681,xgboost
2014-02-10,0.5605439908831172,0.6406220915897413,xgboost
2014-02-17,0.5361725130186339,0.5660639813681592,xgboost
2014-02-24,0.5206633907412354,0.5623832054493185,xgboost
2014-03-03,0.50183088511868,0.5466480674278714,xgboost
2014-03-10,0.5007230906702944,0.5376594661241512,xgboost
2014-03-17,0.5361725130186339,0.4991169907658745,xgboost
2014-03-24,0.5250945685347778,0.5082965629965436,xgboost
2014-03-31,0.5538972241928036,0.5104561926853278,xgboost
2014-04-07,0.5439270741573331,0.5327362766814164,xgboost
2014-04-14,0.561651785331503,0.5543251582079469,xgboost
2014-04-21,0.5372803074670195,0.5571222156369879,xgboost
2014-04-28,0.5417114852605619,0.5559205358041927,xgboost
2014-05-05,0.5550050186411891,0.5560013608925852,xgboost
2014-05-12,0.5361725130186339,0.5596496714573774,xgboost
2014-05-19,0.5228789796380066,0.5649406077812867,xgboost
2014-05-26,0.5273101574315491,0.5634741765113159,xgboost
2014-06-02,0.5793764965056726,0.5599285834872367,xgboost
2014-06-09,0.6004245910249991,0.6110443552300759,xgboost
2014-06-16,0.5982090021282279,0.6293713846125716,xgboost
2014-06-23,0.5815920854024438,0.6473132002774186,xgboost
2014-06-30,0.6015323854733847,0.648379518036809,xgboost
2014-07-07,0.6270116577862538,0.6067006881377273,xgboost
2014-07-14,0.6812935857571486,0.6050723286447116,xgboost
2014-07-21,0.6680000523765212,0.6127662958935347,xgboost
2014-07-28,0.71120403586356,0.6412950647063,xgboost
2014-08-04,0.7610547860409124,0.7270882635200218,xgboost
2014-08-11,0.8463549585666041,0.7562957631798475,xgboost
2014-08-18,0.85743290305046,0.7763075513530128,xgboost
2014-08-25,0.8164445084601927,0.7807505812013181,xgboost
2014-09-01,0.7621625804892979,0.7591668508518344,xgboost
2014-09-08,0.7444378693151282,0.7314840361393151,xgboost
2014-09-15,0.7821028805602387,0.7313332609431252,xgboost
2014-09-22,0.778779497215082,0.7182962681682304,xgboost
2014-09-29,0.7610547860409124,0.7366354992496954,xgboost
2014-10-06,0.6702156412732925,0.732027906000475,xgboost
2014-10-13,0.6436285745120379,0.7237633376877812,xgboost
2014-10-20,0.6192570966475546,0.7075376450550744,xgboost
2014-10-27,0.6081791521636984,0.6217647447988709,xgboost
2014-11-03,0.6225804799927114,0.6240996201042386,xgboost
2014-11-10,0.6436285745120379,0.6201457428880052,xgboost
2014-11-17,0.6414129856152666,0.6149981609750493,xgboost
2014-11-24,0.5815920854024438,0.6256935031758253,xgboost
2014-12-01,0.5262023629831635,0.6025823993831254,xgboost
2014-12-08,0.5516816352960324,0.5952742971558947,xgboost
2014-12-15,0.5915622354379143,0.5989003234647244,xgboost
2014-12-22,0.5959934132314567,0.5886409665036976,xgboost
2014-12-29,0.8020431806311796,0.6270635035882851,xgboost
2015-01-05,0.8148127731464032,0.644524239991058,xgboost
2015-01-12,0.8431471129088157,0.6374815369811787,xgboost
2015-01-19,0.6267979420024845,0.8027226926311467,xgboost
2015-01-26,0.6092957307074762,0.7296884872023199,xgboost
2015-02-02,0.5655402024699554,0.6831106377902293,xgboost
2015-02-09,0.5546013204105752,0.6734418690933095,xgboost
2015-02-16,0.5535074322046373,0.5431945783206458,xgboost
2015-02-23,0.5841363019709017,0.5352308760047827,xgboost
2015-03-02,0.5906996312065299,0.5176957549731817,xgboost
2015-03-09,0.5874179665887158,0.4970985853689943,xgboost
2015-03-16,0.5655402024699554,0.5959612494487273,xgboost
2015-03-23,0.5567890968224513,0.619057350335267,xgboost
2015-03-30,0.5852301901768397,0.619994137889622,xgboost
2015-04-06,0.7077456692418979,0.6190729356994058,xgboost
2015-04-13,0.7427500918319145,0.6785312964940365,xgboost
2015-04-20,0.7416562036259764,0.6776313036003473,xgboost
2015-04-27,0.6803984640934475,0.695626367313113,xgboost
2015-05-04,0.7405623154200386,0.700296634538844,xgboost
2015-05-11,0.832448924718832,0.7208262255915155,xgboost
2015-05-18,0.8105711606000717,0.7001306385872822,xgboost
2015-05-25,0.8543266888375926,0.6920436866491383,xgboost
2015-06-01,0.8346367011307082,0.6789652618936785,xgboost
2015-06-08,0.8783922293682288,0.7836703639646145,xgboost
2015-06-15,0.8040078313644435,0.8097113629850765,xgboost
2015-06-22,0.8390122539544601,0.8038065506381679,xgboost
2015-06-29,0.8805800057801049,0.7256129047257714,xgboost
2015-07-06,0.9144905401641834,0.8088944533561748,xgboost
2015-07-13,0.8335428129247702,0.8140423355784904,xgboost
2015-07-20,0.8105711606000717,0.8209802407760507,xgboost
2015-07-27,0.8138528252178858,0.8112932793076192,xgboost
2015-08-03,0.8051017195703817,0.8269405094297919,xgboost
2015-08-10,0.7897872846872493,0.8210533974509077,xgboost
2015-08-17,0.7536889738912947,0.8022794057776227,xgboost
2015-08-24,0.7832239554516213,0.7844465262543212,xgboost
2015-08-31,0.769003408774427,0.752059841631495,xgboost
2015-09-07,0.7635339677447369,0.7383479063010143,xgboost
2015-09-14,0.7657217441566129,0.7048843421559335,xgboost
2015-09-21,0.7471256446556667,0.7009421256669597,xgboost
2015-09-28,0.7438439800378526,0.7147802606951911,xgboost
2015-10-05,0.6989945635943937,0.6645989908134027,xgboost
2015-10-12,0.6749290230637573,0.6271746470854905,xgboost
2015-10-19,0.6421123768856167,0.6272454492576136,xgboost
2015-10-26,0.6191407245609183,0.6327095437487059,xgboost
2015-11-02,0.6410184886796787,0.6249007729506729,xgboost
2015-11-09,0.6618023645925012,0.6078171903365472,xgboost
2015-11-16,0.6989945635943938,0.6056705196283568,xgboost
2015-11-23,0.6946190107706417,0.672920982522116,xgboost
2015-11-30,0.6946190107706416,0.6554910969334262,xgboost
2015-12-07,0.6989945635943937,0.6257366237509671,xgboost
2015-12-14,0.6727412466518814,0.6187017745851734,xgboost
2015-12-21,0.6432062650915548,0.6663796127449816,xgboost
2015-12-28,0.650619289532142,0.6656308783101477,xgboost
2016-01-04,0.754050283094296,0.7014204214708979,xgboost
2016-01-11,0.8196020294435589,0.7101088419580924,xgboost
2016-01-18,0.8188877695622155,0.8196701053211737,xgboost
2016-01-25,0.7864779633790144,0.7736870391047335,xgboost
2016-02-01,0.7724337140329606,0.7767421203476524,xgboost
2016-02-08,0.773514040905734,0.7629913764637076,xgboost
2016-02-15,0.7443452153408529,0.7631049742785606,xgboost
2016-02-22,0.7983615589795215,0.7506612348993258,xgboost
2016-02-29,0.8653418250914706,0.7472225042502237,xgboost
2016-03-07,0.9506876480405669,0.7486922614105752,xgboost
2016-03-14,0.9485269942950203,0.852871597411327,xgboost
2016-03-21,0.8847877088013912,0.8507713410196146,xgboost
2016-03-28,0.8696631325825641,0.8600802922234168,xgboost
2016-04-04,0.8329320189082695,0.8287708472421018,xgboost
2016-04-11,0.861020517600377,0.8259421141743787,xgboost
2016-04-18,0.7951205783612014,0.8252836745677067,xgboost
2016-04-25,0.8070041739617085,0.821282763762293,xgboost
2016-05-02,0.773514040905734,0.809019203675284,xgboost
2016-05-09,0.8080845008344819,0.7857949522418514,xgboost
2016-05-16,0.8480565951270966,0.7793298140715934,xgboost
2016-05-23,0.8999122850202186,0.7805657992979057,xgboost
2016-05-30,0.9171975149845926,0.7821068364822279,xgboost
2016-06-06,0.9247598030940062,0.8860279914418033,xgboost
2016-06-13,0.9701335317504877,0.8708472644097467,xgboost
2016-06-20,1.0273908560074763,0.8326855222753715,xgboost
2016-06-27,1.0835678533916917,0.8387118311227713,xgboost
2016-07-04,1.1397448507759071,0.9586604603616349,xgboost
2016-07-11,1.160271061358601,0.9586604603616349,xgboost
2016-07-18,1.0932907952466522,0.9361073942875807,xgboost
2016-07-25,1.0327924903713432,0.9118579558427428,xgboost
2016-08-01,1.02847118288025,1.0669449669623092,xgboost
2016-08-08,1.0760055652822782,1.0455875721302992,xgboost
2016-08-15,1.0716842577911847,0.9962691377717389,xgboost
2016-08-22,1.0122662797886492,1.0045121508624961,xgboost
2016-08-29,0.9431253599311534,1.0218748185224007,xgboost
2016-09-05,0.9528483017861137,1.0197045785202248,xgboost
2016-09-12,1.0068646454247823,1.011618259222291,xgboost
2016-09-19,1.017667914152516,1.0081480606487738,xgboost
2016-09-26,1.017667914152516,0.9952620486841489,xgboost
2016-10-03,0.9474466674222467,0.9774464208632792,xgboost
2016-10-10,0.9776958198599012,0.9674065600336068,xgboost
2016-10-17,0.9571696092772072,0.9758735490943816,xgboost
2016-10-24,0.9463663405494733,0.9692470983593011,xgboost
2016-10-31,0.9225991493484592,0.9666572521174597,xgboost
2016-11-07,0.9323220912034195,0.9712321092935624,xgboost
2016-11-14,1.0025433379336885,0.9682257202401783,xgboost
2016-11-21,1.0263105291347028,0.983930290895745,xgboost
2016-11-28,1.0489973934629437,0.9805469303267004,xgboost
2016-12-05,1.0565596815723575,0.977000234351372,xgboost
2016-12-12,1.0565596815723575,0.9718913641568229,xgboost
2016-12-19,1.067362950300091,1.0328123007921297,xgboost
2016-12-26,1.108415371465479,1.0311193609896487,xgboost
2017-01-02,1.124562637336965,1.0567938187636368,xgboost
2017-01-09,1.140299790561782,1.0506765206519915,xgboost
2017-01-16,1.0863051863442896,1.1156699606972058,xgboost
2017-01-23,1.0745671145861488,1.0757334327248063,xgboost
2017-01-30,1.0297490224187027,1.077657975062061,xgboost
2017-02-06,0.9945348071442807,1.07614114121104,xgboost
2017-02-13,0.9486496175442763,0.992451765590841,xgboost
2017-02-20,0.9209050842977621,0.9897920259671154,xgboost
2017-02-27,0.9230392791628786,0.9779536589667347,xgboost
2017-03-06,0.9198379868652037,0.9757878134910636,xgboost
2017-03-13,0.9102341099721797,0.937075619839596,xgboost
2017-03-20,0.9475825201117182,0.9494785923829522,xgboost
2017-03-27,0.9924006122791645,0.9656569004237697,xgboost
2017-04-03,1.0276148275535864,0.9856635497291247,xgboost
2017-04-10,0.9731928584931159,1.0674301836176896,xgboost
2017-04-17,0.9401128380838104,1.084053259818793,xgboost
2017-04-24,0.8888921613210149,1.086867855293811,xgboost
2017-05-01,0.8942276484838061,1.0857197059232484,xgboost
2017-05-08,0.8835566741582236,0.9123468879364353,xgboost
2017-05-15,0.9166366945675292,0.9293013789234356,xgboost
2017-05-22,0.9529180072745094,0.9641528781023133,xgboost
2017-05-29,0.9731928584931161,0.9976792735434529,xgboost
2017-06-05,0.9817296379535819,0.9933687989715725,xgboost
2017-06-12,0.9731928584931159,1.0151118703827933,xgboost
2017-06-19,0.999870294307072,1.0293591250733203,xgboost
2017-06-26,0.9817296379535817,1.0740079620447132,xgboost
2017-07-03,1.1332574733768521,0.9895215158248234,xgboost
2017-07-10,1.123653596483828,0.9990458419139945,xgboost
2017-07-17,1.1578007143256916,0.9960364129368098,xgboost
2017-07-24,1.0350845095814938,0.9944278320955439,xgboost
2017-07-31,1.0180109506605621,1.0532956216853517,xgboost
2017-08-07,1.016943853228004,1.0623861986436303,xgboost
2017-08-14,1.0276148275535861,1.0652192928574227,xgboost
2017-08-21,1.016943853228004,1.0480412287018923,xgboost
2017-08-28,0.9838638328186983,0.9815876945923816,xgboost
2017-09-04,0.9667902738977666,0.9820225119396613,xgboost
2017-09-11,1.0009373917396303,0.9847087747036288,xgboost
2017-09-18,1.035084509581494,1.0202888854798564,xgboost
2017-09-25,1.0756342120187072,1.0351079775663208,xgboost
2017-10-02,1.1172510118884784,1.0335952989718447,xgboost
2017-10-09,1.127921986214061,1.0386086035040858,xgboost
2017-10-16,1.1791426629768564,1.0327524461361235,xgboost
2017-10-23,1.2741143344745403,1.0658540767848106,xgboost
2017-10-30,1.260242067851283,1.047132964605904,xgboost
2017-11-06,1.2495710935257005,1.056040981372132,xgboost
2017-11-13,1.1887465398698807,1.0601867189037424,xgboost
2017-11-20,1.2794498216373313,1.1735796417468818,xgboost
2017-11-27,1.3061272574512872,1.155032650204045,xgboost
2017-12-04,1.238900119200118,1.1150400401249274,xgboost
2017-12-11,1.2111555859536036,1.1111640344835092,xgboost
2017-12-18,1.0692316274233578,1.2235867797790438,xgboost
2017-12-25,1.1204523041861532,1.2237258144946328,xgboost
2018-01-01,1.1226507192377777,1.1994825631076476,xgboost
2018-01-08,1.246149709410888,1.1896485618699717,xgboost
2018-01-15,1.2537162865181302,1.14680537593308,xgboost
2018-01-22,1.1935125558260211,1.1403656355492757,xgboost
2018-01-29,1.134365030935528,1.1293903369274967,xgboost
2018-02-05,1.135421236737144,1.1576515365015938,xgboost
2018-02-12,1.115353326506441,1.1479319715871443,xgboost
2018-02-19,1.056205801615948,1.1376195449539437,xgboost
2018-02-26,0.9474166040495051,1.1406251403213266,xgboost
2018-03-05,0.9548100446608166,1.1251599339673921,xgboost
2018-03-12,0.9600910736688965,0.9437634223520874,xgboost
2018-03-19,0.9769903664947517,0.93080368745653,xgboost
2018-03-26,0.9410793692398093,0.9320344518798461,xgboost
2018-04-02,0.949529015652737,0.9346920570721486,xgboost
2018-04-09,1.0245196275674695,0.9494904446128386,xgboost
2018-04-16,1.0984540336805857,0.9440382553626471,xgboost
2018-04-23,1.115353326506441,0.9341014954312301,xgboost
2018-04-30,1.073105094441803,0.9322774510194045,xgboost
2018-05-07,1.0815547408547308,1.0843671855155668,xgboost
2018-05-14,1.115353326506441,1.1028672050190294,xgboost
2018-05-21,1.2748404025504492,1.1063028383072238,xgboost
2018-05-28,1.3477186028619499,1.1156311210967276,xgboost
2018-06-04,1.4998122382946464,1.276730264376071,xgboost
2018-06-11,1.5557911457802913,1.276730264376071,xgboost
2018-06-18,1.6381751983063355,1.222331752150626,xgboost
2018-06-25,1.6772548129661253,1.2722848794689465,xgboost
2018-07-02,1.6635241375451184,1.5227635903637622,xgboost
2018-07-09,1.6740861955612776,1.510739689857103,xgboost
2018-07-16,1.6350065809014875,1.467456813855123,xgboost
2018-07-23,1.5652969979948352,1.4555741658414796,xgboost
2018-07-30,1.5209363543269652,1.539153818049919,xgboost
2018-08-06,1.4776319164607115,1.555681317582224,xgboost
2018-08-13,1.4575640062300084,1.497552114772789,xgboost
2018-08-20,1.4279902437847616,1.4724570229557699,xgboost
2018-08-27,1.316032428813471,1.4221288243067256,xgboost
2018-09-03,1.2653345503359057,1.4186547410909802,xgboost
2018-09-10,1.1966811732308689,1.409585047282875,xgboost
2018-09-17,1.199849790635717,1.390457752098669,xgboost
2018-09-24,1.156545352769463,1.2002795294728128,xgboost
2018-10-01,1.1100722974983614,1.1793861557886798,xgboost
2018-10-08,1.0488123610046363,1.1738497816299254,xgboost
2018-10-15,1.0593744190207957,1.1781710059895159,xgboost
2018-10-22,1.0572620074175638,1.0799397050461226,xgboost
2018-10-29,1.1111285032999774,1.0794784486944542,xgboost
2018-11-05,1.1142971207048251,1.0827962917413256,xgboost
2018-11-12,1.1480957063565354,1.0969179445992363,xgboost
2018-11-19,1.1248591787209845,1.171827981032669,xgboost
2018-11-26,1.0804985350531147,1.227129505704571,xgboost
2018-12-03,1.0667678596321073,1.253736412264287,xgboost
2018-12-10,1.055149595814332,1.2673778227176744,xgboost
2018-12-17,1.0593744190207957,1.0633373873597984,xgboost
2018-12-24,1.0055079231383826,1.086640363839769,xgboost
2018-12-31,1.0424751261949405,1.1052293218851315,xgboost
2019-01-07,1.1204894024659093,1.086234448360584,xgboost
2019-01-14,1.2423567497643042,1.1557152128892132,xgboost
2019-01-21,1.2967585186660602,1.1602193971145351,xgboost
2019-01-28,1.2988333322959258,1.1657748872874176,xgboost
2019-02-04,1.3143944345199186,1.1866914341311399,xgboost
2019-02-11,1.338254791263374,1.3186813711715146,xgboost
2019-02-18,1.4046488274190765,1.3307901276922893,xgboost
2019-02-25,1.4565191681657188,1.3507229451503266,xgboost
2019-03-04,1.3963495728996138,1.4290284082576068,xgboost
2019-03-11,1.372489216156158,1.428917797805289,xgboost
2019-03-18,1.2562996528836792,1.4174596363846415,xgboost
2019-03-25,1.223102634805828,1.4149236545638606,xgboost
2019-04-01,1.14737193731573,1.3566092060011963,xgboost
2019-04-08,1.1276612078320059,1.1120076762295639,xgboost
2019-04-15,1.0903145624944235,1.0801689457284709,xgboost
2019-04-22,1.037406814932848,1.074536136096102,xgboost
2019-04-29,0.9979853559653998,1.0464595325424313,xgboost
2019-05-06,1.0052472036699298,1.016053392551643,xgboost
2019-05-13,1.0166586786341911,1.0468899179176927,xgboost
2019-05-20,1.009396830929661,1.1223159571542847,xgboost
2019-05-27,1.0291075604133852,1.1440650806864099,xgboost
2019-06-03,1.0737160534554977,1.0466697122791238,xgboost
2019-06-10,1.1484093441306629,1.0712194761713172,xgboost
2019-06-17,1.2002796848773054,1.1102112996894022,xgboost
2019-06-24,1.2189530075460966,1.1212763827595729,xgboost
2019-07-01,1.258374466513545,1.2397438271521621,xgboost
2019-07-08,1.326843316299113,1.3161612064881858,xgboost
2019-07-15,1.415022895568405,1.3992915568222584,xgboost
2019-07-22,1.4803795249091742,1.4626863013723839,xgboost
2019-07-29,1.4938658135033016,1.528700630321957,xgboost
2019-08-05,1.4710428635747788,1.5413370048392567,xgboost
2019-08-12,1.4523695409059876,1.5469244039796477,xgboost
2019-08-19,1.4399206591267932,1.5337260264938557,xgboost
2019-08-26,1.4720802703897116,1.4149419350977073,xgboost
2019-09-02,1.3973869797145466,1.3787262798790343,xgboost
2019-09-09,1.32580590948418,1.3304829827275877,xgboost
2019-09-16,1.285347043701799,1.361781170424294,xgboost
2019-09-23,1.2874218573316647,1.2980587568971282,xgboost
2019-09-30,1.3216562822244486,1.290119052283343,xgboost
2019-10-07,1.2967585186660602,1.2873569687008057,xgboost
2019-10-14,1.3040203663705903,1.2624318718570078,xgboost
2019-10-21,1.2822348232570004,1.2580786105631123,xgboost
2019-10-28,1.2780851959972688,1.2013742224123976,xgboost
2019-11-04,1.3029829595556572,1.1544377521358304,xgboost
2019-11-11,1.3206188754095158,1.138304494456747,xgboost
2019-11-18,1.2967585186660602,1.2861873591832902,xgboost
2019-11-25,1.2832722300719333,1.2726843233976874,xgboost
2019-12-02,1.2054667189519694,1.2434458773641326,xgboost
2019-12-09,1.131810835091737,1.2050204747833737,xgboost
2019-12-16,1.0529679171568407,1.1335302218064094,xgboost
2019-12-23,1.0540053239717735,1.1370642279555427,xgboost
2019-12-30,1.0125090513744597,1.1401390730386853,xgboost
2020-01-06,1.0673788236958874,1.1672488246421129,xgboost
2020-01-13,1.062943883224606,1.0953689399720794,xgboost
2020-01-20,1.073787444684621,1.1031946202905951,xgboost
2020-01-27,1.0032914088299691,1.118738775380632,xgboost
2020-02-03,0.9501639615192171,1.1478596377071066,xgboost
2020-02-10,0.9358604180124762,0.9909341239645983,xgboost
2020-02-17,0.9154267844314178,1.0266507215123473,xgboost
2020-02-24,0.9215568745057353,1.0459386287031922,xgboost
2020-03-02,0.9573157332725878,1.0633469801724758,xgboost
2020-03-09,0.9787710485326991,0.9946494314363277,xgboost
2020-03-16,1.0247467240900805,1.010917075875284,xgboost
2020-03-23,0.977749366853646,1.017385513695396,xgboost
2020-03-30,0.8357356134652898,1.0230006039505393,xgboost
2020-04-06,0.6313992776547054,0.8792847709747509,xgboost
2020-04-13,0.5476213799723658,0.8943414389944402,xgboost
2020-04-20,0.6089222807155411,0.8942600315171859,xgboost
2020-04-27,0.6998519501512511,0.8993252373957414,xgboost
2020-05-04,0.7907816195869612,0.7393993842454938,xgboost
2020-05-11,0.8837546523807772,0.7272698636058357,xgboost
2020-05-18,1.0380285859177685,0.7699052438570495,xgboost
2020-05-25,1.1677821591574895,0.780618758951475,xgboost
2020-06-01,1.3097959125458456,1.21106819986231,xgboost
2020-06-08,1.4150291254882967,1.2776908358710266,xgboost
2020-06-15,1.5355875636165417,1.3795409634667615,xgboost
2020-06-22,1.5662380139881293,1.4695729085969493,xgboost
2020-06-29,1.6142570529036167,1.5925134202053084,xgboost
2020-07-06,1.661254410140051,1.5863309620765793,xgboost
2020-07-13,1.7511623978967084,1.5959811338457612,xgboost
2020-07-20,1.9054363314336997,1.5559285619053564,xgboost
2020-07-27,2.0157779527714155,1.6287628484939936,xgboost
2020-08-03,2.204789063396206,1.5163544572001493,xgboost
2020-08-10,2.215005880186735,1.4652523092136878,xgboost
2020-08-17,2.222157651940105,1.4281614673463112,xgboost
2020-08-24,2.0617536283287965,2.0503946395083457,xgboost
2020-08-31,1.9953443191903568,2.018672820043479,xgboost
2020-09-07,1.8185933887142012,1.8913567478172768,xgboost
2020-09-14,1.662276091819104,1.8383259959651097,xgboost
2020-09-21,1.467134891119996,1.6921868606968578,xgboost
2020-09-28,1.3465764529917512,1.7354068558149218,xgboost
2020-10-05,1.1984326095290774,1.7781060107225932,xgboost
2020-10-12,1.0931993965866265,1.7609884795526303,xgboost
2020-10-19,1.0400719492758743,1.0663852241458138,xgboost
2020-10-26,1.109546303451473,1.058636993761068,xgboost
2020-11-02,1.135088345427796,1.055810968654225,xgboost
2020-11-09,1.1974109278500242,1.0734183760401161,xgboost
2020-11-16,1.1708472041946485,1.176559773823097,xgboost
2020-11-23,1.2648419186675175,1.1606898053531325,xgboost
2020-11-30,1.3169476842992165,1.0931120777646692,xgboost
2020-12-07,1.4180941705254557,1.0544620462580647,xgboost
2020-12-14,1.4477229392179904,1.403331380844445,xgboost
2020-12-21,1.4334193957112493,1.3975806363699714,xgboost
2020-12-28,1.4456795758598844,1.3597754424205784,xgboost
2021-01-04,1.6463888244718934,1.3664350637501208,xgboost
2021-01-11,1.9323876083055922,1.6179842942552314,xgboost
2021-01-18,2.3257946508781426,1.6215879561896474,xgboost
2021-01-25,2.5962124237351243,1.5691980311364724,xgboost
2021-02-01,2.7929716241347933,1.5695332680076515,xgboost
2021-02-08,2.775818257946104,2.264648821504703,xgboost
2021-02-15,2.707204793191348,2.264648821504703,xgboost
2021-02-22,2.685006319300103,2.264648821504703,xgboost
2021-03-01,2.7223401162990144,2.264648821504703,xgboost
2021-03-08,2.772791193324571,2.605437655691214,xgboost
2021-03-15,2.853391833980599,2.397691571551204,xgboost
2021-03-22,2.936010517717649,2.121952134732293,xgboost
2021-03-29,2.9812954044557887,2.0768783278348124,xgboost
2021-04-05,2.9812954044557887,2.632792480044492,xgboost
2021-04-12,2.9812954044557887,2.5970448169385048,xgboost
2021-04-19,2.9812954044557887,2.593753559504806,xgboost
2021-04-26,2.9812954044557887,2.5917050642320363,xgboost
2021-05-03,2.9812954044557887,2.9570583860900133,xgboost
2021-05-10,2.9812954044557887,2.9459193752214508,xgboost
2021-05-17,2.9812954044557887,2.931262491590956,xgboost
2021-05-24,2.8936316130161814,2.8434864183623145,xgboost
2021-05-31,2.747444572226931,2.930719840442754,xgboost
2021-06-07,2.4388050634153884,2.8073226357809933,xgboost
2021-06-14,2.1401346874240956,2.5692047115262686,xgboost
2021-06-21,1.7445982435437344,2.5369871093220158,xgboost
2021-06-28,1.5044511169020867,1.6240662979688707,xgboost
2021-07-05,1.3450257135013288,1.4677425910792186,xgboost
2021-07-12,1.3752963597166625,1.3624792267310921,xgboost
2021-07-19,1.3985038551484186,1.3459795538697712,xgboost
2021-07-26,1.2895295287732171,1.3794534549207722,xgboost
2021-08-02,1.2602679040983946,1.3680921409797977,xgboost
2021-08-09,1.2027536762892603,1.3699636728385496,xgboost
2021-08-16,1.2269701932615273,1.3775324819792163,xgboost
2021-08-23,1.2279792148020385,1.205494065986745,xgboost
2021-08-30,1.1472574915611486,1.193179439129103,xgboost
2021-09-06,1.110932716102748,1.1937986338755908,xgboost
2021-09-13,1.0029674112680578,1.185045506994964,xgboost
2021-09-20,1.061490660617703,0.9800986279454806,xgboost
2021-09-27,1.0564455529151475,0.9795653534908891,xgboost
2021-10-04,1.0362651221049248,0.9857340904253071,xgboost
2021-10-11,0.9706787219717018,0.9875628680333808,xgboost
2021-10-18,0.9595794850260794,0.9613535607975788,xgboost
2021-10-25,0.9777418727552796,0.9718766724760166,xgboost
2021-11-01,1.0483733805910582,0.9804995929241257,xgboost
2021-11-08,1.1371672761560374,1.0253302279896366,xgboost
2021-11-15,1.2279792148020385,1.1815885793486638,xgboost
2021-11-22,1.2410964948286833,1.2187002494954249,xgboost
2021-11-29,1.2279792148020388,1.2455233733717483,xgboost
2021-12-06,1.1724830300739268,1.2933121407622472,xgboost
2021-12-13,1.3087009380429286,1.1780496191550298,xgboost
2021-12-20,1.3319084334746842,1.1824349970463035,xgboost
2021-12-27,1.4509729752549971,1.1718533535837994,xgboost
2022-01-03,1.439110005153313,1.2293191855555075,xgboost
2022-01-10,1.5784037263999986,1.4634232850870694,xgboost
2022-01-17,1.6358902707487222,1.4782944467684118,xgboost
2022-01-24,1.603950985413787,1.4846552021162516,xgboost
2022-01-31,1.6608428374166406,1.460072522573634,xgboost
2022-02-07,1.644873194749173,1.7323160046221606,xgboost
2022-02-14,1.5989604720802033,1.7750350579743437,xgboost
2022-02-21,1.3743873720689386,1.921867794047789,xgboost
2022-02-28,1.1887402760596266,2.1749478267315485,xgboost
2022-03-07,1.0999091387218374,1.1129296107842752,xgboost
2022-03-14,1.0769527773873524,1.0561838791623688,xgboost
2022-03-21,1.1448237587240901,1.020224823799624,xgboost
2022-03-28,1.205708021393811,1.0070494419223066,xgboost
2022-04-04,1.2206795613945618,1.193008982072987,xgboost
2022-04-11,1.1827516600593262,1.1793567982389053,xgboost
2022-04-18,1.1438256560573736,1.1551735644122114,xgboost
2022-04-25,1.1338446293902062,1.1820350276685347,xgboost
2022-05-02,1.1029034467219876,1.1461151450267426,xgboost
2022-05-09,1.1368389373903565,1.1595099221913823,xgboost
2022-05-16,1.205708021393811,1.1400588379005772,xgboost
2022-05-23,1.3214879307329517,1.1435475683904355,xgboost
2022-05-30,1.372391166735505,1.3652949450206322,xgboost
2022-06-06,1.3933513227365566,1.4304602835850084,xgboost
2022-06-13,1.473199536073895,1.4577493603497096,xgboost
2022-06-20,1.5251008747431651,1.4525847535506686,xgboost
2022-06-27,1.5899775480797527,1.5059407601667372,xgboost
2022-07-04,1.6748162747506747,1.492001432883896,xgboost
2022-07-11,1.659844734749924,1.4887576136455043,xgboost
2022-07-18,1.621916833414688,1.4340286500271962,xgboost
2022-07-25,1.4372678400720929,1.6413272273825532,xgboost
2022-08-01,1.4412602507389594,1.6034448447227083,xgboost
2022-08-08,1.4532374827395607,1.6312655386561752,xgboost
2022-08-15,1.4242925054047753,1.5662136112019578,xgboost
2022-08-22,1.3893589120696896,1.4046135211579305,xgboost
2022-08-29,1.332467060066836,1.3357585440345652,xgboost
2022-09-05,1.358417729401471,1.2863130011649868,xgboost
2022-09-12,1.2855562347311495,1.2717839468195622,xgboost
2022-09-19,1.3095106987323513,1.2781455446852845,xgboost
2022-09-26,1.2266681773948622,1.2521813710149263,xgboost
2022-10-03,1.2306605880617292,1.2200437346876871,xgboost
2022-10-10,1.1558028880579743,1.1718844224174552,xgboost
2022-10-17,1.2216776640612785,1.1582942766638757,xgboost
2022-10-24,1.2266681773948624,1.1681292229635716,xgboost
2022-10-31,1.2216776640612788,1.1799554586708136,xgboost
2022-11-07,1.1927326867264936,1.1937277627815197,xgboost
2022-11-14,1.2256700747281457,1.1739122360112828,xgboost
2022-11-21,1.3035220827320506,1.1936264289398983,xgboost
2022-11-28,1.4602242014065776,1.1945433110256742,xgboost
2022-12-05,1.5510515440778,1.1880217970600968,xgboost
2022-12-12,1.6418788867490226,1.5249410977051132,xgboost
2022-12-19,1.5799965214125853,1.55177915553065,xgboost
2022-12-26,1.432277326738509,1.553183100932407,xgboost
2023-01-02,1.4170459321729787,1.6222218185760784,xgboost
2023-01-09,1.3865170199585097,1.481975500266107,xgboost
2023-01-16,1.430159415234599,1.4070652170849685,xgboost
2023-01-23,1.335276689690355,1.3786164004873454,xgboost
2023-01-30,1.3787646055647997,1.3387152628026044,xgboost
2023-02-06,1.4914378421485903,1.349826526587646,xgboost
2023-02-13,1.5131818000858128,1.3002184967547004,xgboost
2023-02-20,1.5685300566532885,1.2654159429949372,xgboost
2023-02-27,1.5240537790544242,1.238715986227384,xgboost
2023-03-06,1.6377153773626336,1.5583799047494338,xgboost
2023-03-13,1.6732963994417254,1.5719864677734303,xgboost
2023-03-20,1.9193984688221086,1.5515488897149372,xgboost
2023-03-27,2.077536344729183,1.4856532800483315,xgboost
2023-04-03,2.1931746664862306,2.1593277668442643,xgboost
2023-04-10,2.1556169209583005,2.1966226528317443,xgboost
2023-04-17,2.1783492406199425,2.394930345914876,xgboost
2023-04-24,2.2761970513374443,2.528688409937915,xgboost
2023-05-01,2.3177082437630516,2.4950474277404266,xgboost
2023-05-08,2.2060233689036806,2.5417688042448483,xgboost
2023-05-15,2.0577691102407987,2.5294502937416827,xgboost
2023-05-22,1.9688165550430696,2.5281302483013266,xgboost
2023-05-29,1.966839831594231,1.9862526103635307,xgboost
2023-06-05,2.003409215397742,1.957090911993751,xgboost
2023-06-12,2.0053859388465805,1.867564267578506,xgboost
2023-06-19,1.9856187043581963,1.8169477729932617,xgboost
2023-06-26,1.9253286391686242,1.9530845014735871,xgboost
2023-07-03,1.881840723294179,1.947810801676254,xgboost
2023-07-10,1.8768989146720827,1.9517023831488043,xgboost
2023-07-17,1.8126554025848343,1.9770076751036183,xgboost
2023-07-24,1.7790511039545809,1.79395709940635,xgboost
2023-07-31,1.7533536991196812,1.7902804775304697,xgboost
2023-08-07,1.7256795708359434,1.7838532151946098,xgboost
2023-08-14,1.687133463583594,1.789708084573158,xgboost
2023-08-21,1.625855036669603,1.6417931197292508,xgboost
2023-08-28,1.630796845291699,1.521604801880429,xgboost
2023-09-04,1.6950403573789476,1.4226050037906643,xgboost
2023-09-11,1.728644656009201,1.310379418049239,xgboost
2023-09-18,1.7029472511743016,1.6708493836137015,xgboost
2023-09-25,1.6584709735754373,1.673384652606094,xgboost
2023-10-02,1.621901589771926,1.6752225450955955,xgboost
2023-10-09,1.6574826118510178,1.73626753190028,xgboost
2023-10-16,1.6288201218428604,1.674222625927782,xgboost
2023-10-23,1.6634127821975329,1.697125258502254,xgboost
2023-10-30,1.5823671207951577,1.7093819670521322,xgboost
2023-11-06,1.6268433983940225,1.7183200659725595,xgboost
2023-11-13,1.6416688242603101,1.6164221356577342,xgboost
2023-11-20,1.676261484614983,1.5717597436065094,xgboost
2023-11-27,1.6060878021812188,1.5282605594950396,xgboost
2023-12-04,1.5724835035509654,1.5470967124831854,xgboost
