date,year,incidence_raw,incidence_smooth
2000-01-03,2000,4.633998995562521,4.633998995562521
2000-01-10,2000,5.373983128361772,5.003991061962147
2000-01-17,2000,4.832136823470517,4.94670631579827
2000-01-24,2000,4.197287048336734,4.801135666723007
2000-01-31,2000,4.181112531772817,4.403512134526689
2000-02-07,2000,4.0719345449663695,4.150111375025307
2000-02-14,2000,4.22559245232359,4.159546509687592
2000-02-21,2000,4.379250359680812,4.225592452323591
2000-02-28,2000,3.857622200494455,4.154155004166285
2000-03-06,2000,4.350944955693955,4.195939171956407
2000-03-13,2000,4.80787504862464,4.338814068271017
2000-03-20,2000,5.070710942788309,4.7431769823689685
2000-03-27,2000,4.423730280231586,4.767438757214845
2000-04-03,2000,4.039585511838533,4.511342244952809
2000-04-10,2000,4.5409955253199925,4.334770439130037
2000-04-17,2000,4.832136823470517,4.4709059535430145
2000-04-24,2000,5.503379260873117,4.958837203221209
2000-05-01,2000,6.020963790918494,5.452159958420709
2000-05-08,2000,7.13296180468786,6.21910161882649
2000-05-15,2000,8.305614255571918,7.153179950392757
2000-05-22,2000,8.730195315374766,8.056257125211514
2000-05-29,2000,8.79893701077142,8.611582193906035
2000-06-05,2000,9.668317276082014,9.065816534076067
2000-06-12,2000,9.526790256147732,9.331348181000388
2000-06-19,2000,9.737058971478666,9.644055501236137
2000-06-26,2000,8.249003447598206,9.170950891741535
2000-07-03,2000,9.664273646941034,9.216778688672635
2000-07-10,2000,8.54418837488971,8.819155156476317
2000-07-17,2000,7.7354625466938085,8.64797485617485
2000-07-24,2000,7.21787801664843,7.832509646077316
2000-07-31,2000,7.743549804975767,7.565630122772668
2000-08-07,2000,7.38366681142859,7.448364877684263
2000-08-14,2000,6.425326705016445,7.184181107140266
2000-08-21,2000,6.126098148583962,6.645030555009666
2000-08-28,2000,6.1665344399937565,6.239319764531388
2000-09-04,2000,6.793296956845581,6.361976515141099
2000-09-11,2000,6.360628638760773,6.440153345200037
2000-09-18,2000,6.118010890302002,6.423978828636119
2000-09-25,2000,5.212237962722591,5.896959163928455
2000-10-02,2000,5.685342572217195,5.671863808413929
2000-10-09,2000,5.434637565476465,5.444072700138751
2000-10-16,2000,5.681298943076215,5.600426360256624
2000-10-23,2000,5.090929088493207,5.402288532348629
2000-10-30,2000,4.755307869791907,5.175845300453776
2000-11-06,2000,5.442724823758424,5.096320594014513
2000-11-13,2000,4.9170530354310875,5.038361909660473
2000-11-20,2000,4.799787790342681,5.053188549844065
2000-11-27,2000,4.739133353227989,4.818658059667253
2000-12-04,2000,4.597606333293705,4.7121758256214585
2000-12-11,2000,5.163714413030838,4.833484699850843
2000-12-18,2000,3.849534942212496,4.536951896179013
2000-12-25,2000,3.5381754983570737,4.183808284533469
2001-01-01,2001,3.5917100147307894,3.6598068184334527
2001-01-08,2001,4.165109396239918,3.76499830310926
2001-01-15,2001,3.9859220895183154,3.9142471668296746
2001-01-22,2001,3.2851006232293805,3.8120440363292047
2001-01-29,2001,3.014328693072292,3.4284504686066626
2001-02-05,2001,3.1298049574039917,3.143078091235221
2001-02-12,2001,2.970527351429234,3.0382203339685057
2001-02-19,2001,2.958581530981127,3.019637946604784
2001-02-26,2001,2.520568114550543,2.816558998986968
2001-03-05,2001,2.8749607878443793,2.784703477792016
2001-03-12,2001,2.9187621294874373,2.771430343960786
2001-03-19,2001,2.886906608292486,2.8935431752081002
2001-03-26,2001,2.739574822765835,2.848414520181919
2001-04-02,2001,2.6798457205253006,2.76877571719454
2001-04-09,2001,2.6121527379860283,2.6771910937590544
2001-04-16,2001,3.5001253912953034,2.9307079499355435
2001-04-23,2001,3.4722518102497206,3.1948433131770173
2001-04-30,2001,4.200946857584238,3.7244413530430873
2001-05-07,2001,4.408007745351424,4.027068804395127
2001-05-14,2001,5.4433121841873495,4.684088929041004
2001-05-21,2001,6.215808573164924,5.355709500901232
2001-05-28,2001,6.088386488385119,5.9158357485791315
2001-06-04,2001,7.521884942157939,6.6086933345693275
2001-06-11,2001,7.916097016945465,7.175456149162841
2001-06-18,2001,8.178905066803814,7.872295675302406
2001-06-25,2001,7.374553156631288,7.823185080126855
2001-07-02,2001,7.916097016945465,7.823185080126856
2001-07-09,2001,8.23465222889498,7.841767467490578
2001-07-16,2001,7.6254153860415315,7.925388210627325
2001-07-23,2001,6.745406613030995,7.535158075989169
2001-07-30,2001,6.152097530775022,6.84097317661585
2001-08-06,2001,6.789207954674053,6.562237366160023
2001-08-13,2001,5.594625909863369,6.178643798437482
2001-08-20,2001,5.041136229101086,5.808323364546169
2001-08-27,2001,5.439330244037981,5.358364127667479
2001-09-03,2001,5.5747162091165245,5.351727560751864
2001-09-10,2001,5.511005166726622,5.508350539960376
2001-09-17,2001,4.782310119392104,5.289343831745083
2001-09-24,2001,4.897786383723804,5.063700556614177
2001-10-01,2001,4.467736847591958,4.7159444502359555
2001-10-08,2001,4.332350882513413,4.565958037943059
2001-10-15,2001,4.272621780272879,4.35756983679275
2001-10-22,2001,4.2606759598247725,4.288549540870355
2001-10-29,2001,3.623565535925741,4.052287758674464
2001-11-05,2001,4.332350882513413,4.072197459421308
2001-11-12,2001,3.9341568675765184,3.963357762005224
2001-11-19,2001,4.0337053713107425,4.100071040466891
2001-11-26,2001,3.468269870100352,3.8120440363292043
2001-12-03,2001,3.623565535925741,3.708513592445611
2001-12-10,2001,3.774879261601761,3.622238222542618
2001-12-17,2001,2.878942727993748,3.4257958418404164
2001-12-24,2001,2.6997554212721453,3.1178591369558846
2001-12-31,2001,2.715683181869621,2.764793777045172
2002-01-07,2002,3.2396588207830153,2.885032474641594
2002-01-14,2002,3.0082546192985142,2.987865540650384
2002-01-21,2002,2.819993574022988,3.022635671368173
2002-01-28,2002,2.4003283272629603,2.742858840194821
2002-02-04,2002,2.451315693691749,2.5572125316592325
2002-02-11,2002,2.5768230572087667,2.476155692721159
2002-02-18,2002,2.9807998835291665,2.669646211476561
2002-02-25,2002,2.819993574022988,2.7925388382536407
2002-03-04,2002,2.933734622210285,2.9115093599208133
2002-03-11,2002,3.0749304061669296,2.9428862008000674
2002-03-18,2002,3.169060928804693,3.0592419857273025
2002-03-25,2002,2.7533177871545726,2.9991030407087322
2002-04-01,2002,3.722077749301552,3.2148188217536062
2002-04-08,2002,4.008391422324747,3.4945956529269573
2002-04-15,2002,4.58101876837114,4.10382931333248
2002-04-22,2002,4.25156193913897,4.280324043278285
2002-04-29,2002,4.231951413589435,4.354844040366515
2002-05-06,2002,4.910475597603312,4.4646629834439056
2002-05-13,2002,5.538012415188399,4.893479808793715
2002-05-20,2002,5.718429250244112,5.388972421011942
2002-05-27,2002,5.6792081991450445,5.645216621525852
2002-06-03,2002,5.996898713047494,5.798178720812217
2002-06-10,2002,6.055730289696096,5.910612400629545
2002-06-17,2002,5.506635574309145,5.853088192350911
2002-06-24,2002,5.706662934914392,5.756342932973212
2002-07-01,2002,5.620376622496442,5.61122504390666
2002-07-08,2002,5.883157664860198,5.736732407423678
2002-07-15,2002,5.620376622496442,5.70797030328436
2002-07-22,2002,5.514479784528958,5.6726713572952
2002-07-29,2002,4.808500864745735,5.314452423923711
2002-08-05,2002,4.800656654525921,5.0412124346002045
2002-08-12,2002,4.192730362490368,4.600629293920674
2002-08-19,2002,3.9652482661157733,4.319545094377355
2002-08-26,2002,3.7652209055105264,3.9743998447055557
2002-09-02,2002,4.071145104083256,3.9338714252365183
2002-09-09,2002,4.098599839852604,3.9783219498154616
2002-09-16,2002,4.196652467600274,4.122132470512045
2002-09-23,2002,3.9613261610058665,4.085526156152915
2002-09-30,2002,3.7181556441916443,3.9587114242659283
2002-10-07,2002,3.8671956383681034,3.8488924811885377
2002-10-14,2002,4.055456683643629,3.8802693220677926
2002-10-21,2002,4.0515345785337225,3.9913956335151517
2002-10-28,2002,3.7887535361699674,3.9652482661157733
2002-11-04,2002,4.188808257380461,4.009698790694717
2002-11-11,2002,3.7063893288619245,3.8946503741374507
2002-11-18,2002,3.710311433971831,3.8685030067380723
2002-11-25,2002,3.722077749301552,3.712926170711769
2002-12-02,2002,4.1142882602922315,3.8488924811885386
2002-12-09,2002,3.749532485070899,3.8619661648882277
2002-12-16,2002,3.5612714397953726,3.8083640617195016
2002-12-23,2002,2.851370414902242,3.3873914465895045
2002-12-30,2002,3.0553198806173962,3.155987245105004
2003-01-06,2003,3.350123751716649,3.0856046824120953
2003-01-13,2003,3.021680246646389,3.1423746263268115
2003-01-20,2003,3.0796408651881997,3.150481621183746
2003-01-27,2003,2.774381607534664,2.958567573123084
2003-02-03,2003,2.735741195173457,2.8632545559654403
2003-02-10,2003,3.106689153841044,2.872270652183055
2003-02-17,2003,3.122145318785527,2.9881918892666763
2003-02-24,2003,3.08350490642432,3.1041131263502972
2003-03-03,2003,3.08350490642432,3.096385043878056
2003-03-10,2003,3.2380665558691484,3.1350254562392625
2003-03-17,2003,3.6128785557728564,3.311483339355442
2003-03-24,2003,3.1762418960912173,3.3423956692444072
2003-03-31,2003,3.79835253510665,3.5291576623235748
2003-04-07,2003,3.736527875328719,3.570374102175529
2003-04-14,2003,3.2651148445219933,3.599998418319121
2003-04-21,2003,4.149980287593634,3.7172076691481153
2003-04-28,2003,3.6399268444257014,3.6850073255137765
2003-05-05,2003,4.196348782427083,3.9954186381488057
2003-05-12,2003,4.725722431775619,4.1873326862094675
2003-05-19,2003,5.247367998651914,4.723146404284871
2003-05-26,2003,4.014738844329409,4.662609758252314
2003-06-02,2003,4.173164535010358,4.478423792663894
2003-06-09,2003,3.655383009370184,3.9477621295699836
2003-06-16,2003,3.8215367825233746,3.883361442301305
2003-06-23,2003,4.092019669051823,3.8563131536484607
2003-06-30,2003,4.088155627815703,4.0005706931303004
2003-07-07,2003,4.702538184358895,4.294237827075474
2003-07-14,2003,4.803003256498033,4.53123235622421
2003-07-21,2003,4.4050070091776,4.636849483344842
2003-07-28,2003,4.2929498133301,4.5003200263352445
2003-08-04,2003,4.462967627719411,4.38697481674237
2003-08-11,2003,4.157708370065875,4.304541937038462
2003-08-18,2003,4.490015916372256,4.370230638052514
2003-08-25,2003,3.8988176072457885,4.182180631227973
2003-09-01,2003,4.497743998844497,4.295525840820847
2003-09-08,2003,5.007797442012429,4.468119682700905
2003-09-15,2003,4.629121400872601,4.711554280576509
2003-09-22,2003,3.9722343907320816,4.536384411205704
2003-09-29,2003,4.165436452538116,4.255597414714266
2003-10-06,2003,4.250445359732772,4.129372067667656
2003-10-13,2003,4.057243297926737,4.157708370065875
2003-10-20,2003,4.188620699954841,4.165436452538116
2003-10-27,2003,3.775168287689926,4.007010761857168
2003-11-03,2003,4.432055297830445,4.131948095158404
2003-11-10,2003,4.358638514344152,4.188620699954841
2003-11-17,2003,4.080427545343461,4.2903737858393525
2003-11-24,2003,3.813808700051133,4.084291586579583
2003-12-01,2003,3.6051504733006148,3.8331289062317366
2003-12-08,2003,3.350123751716649,3.589694308356132
2003-12-15,2003,3.2960271744109586,3.417100466476074
2003-12-22,2003,3.133737442493889,3.2599627895404986
2003-12-29,2003,8.021749606186578,4.817171407697142
2004-01-05,2004,3.761979123909693,4.97248872419672
2004-01-12,2004,3.346942965502652,5.043557231866308
2004-01-19,2004,2.844330370000547,3.317750819804297
2004-01-26,2004,2.832907356466408,3.0080602306565356
2004-02-02,2004,2.802445987042038,2.8265612378363314
2004-02-09,2004,2.5930240722494946,2.7427924719193135
2004-02-16,2004,2.844330370000547,2.74660014309736
2004-02-23,2004,2.768176946439622,2.7351771295632212
2004-03-01,2004,2.821484342932269,2.811330553124146
2004-03-08,2004,2.7948306446859457,2.794830644685945
2004-03-15,2004,2.5321013334007545,2.7161387736729896
2004-03-22,2004,2.612062428139726,2.646331468742142
2004-03-29,2004,2.646331468742142,2.596831743427541
2004-04-05,2004,2.832907356466408,2.6971004177827584
2004-04-12,2004,3.0423292712589514,2.8405226988225003
2004-04-19,2004,2.817676671754223,2.897637766493194
2004-04-26,2004,3.0880213253955064,2.9826757561362274
2004-05-03,2004,3.453557758487946,3.119751918545892
2004-05-10,2004,3.830517205114525,3.457365429665993
2004-05-17,2004,3.8114788492242937,3.6985179376089214
2004-05-24,2004,4.234130349987427,3.9587088014420817
2004-05-31,2004,4.116092543467993,4.053900580893238
2004-06-07,2004,4.192245967028918,4.180822953494779
2004-06-14,2004,3.7581714527316463,4.022169987742853
2004-06-21,2004,4.024708435194883,3.9917086183184822
2004-06-28,2004,4.359783498862953,4.047554462263161
2004-07-05,2004,4.108477201111901,4.164323045056579
2004-07-12,2004,4.211284322919149,4.226515007631335
2004-07-19,2004,3.560172551473241,3.959978025168097
2004-07-26,2004,4.146553912892363,3.972670262428251
2004-08-02,2004,3.415481046707484,3.70740250369103
2004-08-09,2004,3.1984437895588482,3.586826249719565
2004-08-16,2004,2.9737911900541194,3.1959053421068173
2004-08-23,2004,3.0994443389296453,3.090559772847538
2004-08-30,2004,3.5030574838025474,3.1920976709287707
2004-09-06,2004,3.1946361183808016,3.2657126470376645
2004-09-13,2004,3.4269040602416223,3.3748658874749906
2004-09-20,2004,3.4687884432001312,3.3634428739408517
2004-09-27,2004,3.8647862457169415,3.586826249719565
2004-10-04,2004,3.830517205114525,3.721363964677199
2004-10-11,2004,3.9180936422095884,3.871132364347018
2004-10-18,2004,3.807671178046247,3.852094008456787
2004-10-25,2004,3.643941317390259,3.7899020458820316
2004-11-01,2004,3.99805473694856,3.816555744128355
2004-11-08,2004,3.8800169304291265,3.8406709949226485
2004-11-15,2004,3.7048640562389985,3.8609785745388954
2004-11-22,2004,3.636325975034166,3.74040232056743
2004-11-29,2004,3.7277100833072763,3.6896333715268135
2004-12-06,2004,3.7277100833072763,3.6972487138829067
2004-12-13,2004,3.244135843695403,3.5665186701033185
2004-12-20,2004,3.167982420134478,3.3799427823790524
2004-12-27,2004,3.4829698972965173,3.2983627203754664
2005-01-03,2005,3.7979573744585564,3.482969897296517
2005-01-10,2005,3.8017102967653336,3.694212522840136
2005-01-17,2005,3.0773962915573283,3.559021320927073
2005-01-24,2005,2.8146917300829224,3.2312661061351946
2005-01-31,2005,2.559493013222071,2.8171936782874405
2005-02-07,2005,2.7283745170270457,2.7008530867773466
2005-02-14,2005,2.679586527038942,2.6558180190960194
2005-02-21,2005,2.3643410532696545,2.590767365778547
2005-02-28,2005,2.5182108678475212,2.5207128160520393
2005-03-07,2005,2.627045614744061,2.503199178620412
2005-03-14,2005,2.548234246301739,2.564496909631107
2005-03-21,2005,2.77716250701515,2.6508141226869832
2005-03-28,2005,3.3888888430198385,2.904761865445576
2005-04-04,2005,3.227513183828418,3.131188177954469
2005-04-11,2005,3.7454164621636754,3.4539394963373105
2005-04-18,2005,4.0381444020923,3.6703580160281306
2005-04-25,2005,3.9480742667296456,3.910545043661873
2005-05-02,2005,4.146979148988838,4.044399272603594
2005-05-09,2005,4.387166176622582,4.160739864113689
2005-05-16,2005,4.514765535053008,4.34963695355481
2005-05-23,2005,4.473483389678458,4.458471700451349
2005-05-30,2005,4.315860652793814,4.434703192508427
2005-06-06,2005,4.533530146586894,4.440958063019722
2005-06-13,2005,4.878798998810399,4.576063266063702
2005-06-20,2005,4.128214537454952,4.513514560950749
2005-06-27,2005,4.469730467371681,4.492248001212344
2005-07-04,2005,4.44346001122424,4.3471350053502915
2005-07-11,2005,3.99686225671775,4.303350911771224
2005-07-18,2005,3.659099249107799,4.033140505683263
2005-07-25,2005,3.280054096123299,3.645338533982949
2005-08-01,2005,3.5765349583587,3.5052294345299324
2005-08-08,2005,3.1824781161470908,3.3463557235430295
2005-08-15,2005,2.84471510853714,3.201242727680977
2005-08-22,2005,2.7696566624015952,2.932283295695276
2005-08-29,2005,2.9160206323659073,2.8434641344348806
2005-09-05,2005,2.9648086223540115,2.8834953057071715
2005-09-12,2005,2.6232926924372837,2.834707315719067
2005-09-19,2005,2.495693334006858,2.6945982162660513
2005-09-26,2005,2.8897501762184667,2.66957873422087
2005-10-03,2005,3.017349534648893,2.800931014958073
2005-10-10,2005,2.795927118549036,2.901008943138798
2005-10-17,2005,2.9497969331269025,2.9210245287749435
2005-10-24,2005,2.919773554672685,2.8884992021162077
2005-10-31,2005,2.7471391285609323,2.87223653878684
2005-11-07,2005,2.923526476979462,2.8634797200710262
2005-11-14,2005,3.1562076599996503,2.942291088513348
2005-11-21,2005,2.859726797764249,2.97982031158112
2005-11-28,2005,2.8859972539116896,2.9673105705585296
2005-12-05,2005,3.133690126158987,2.9598047259449753
2005-12-12,2005,3.0773962915573283,3.0323612238760016
2005-12-19,2005,2.807185885469368,3.0060907677285607
2005-12-26,2005,2.5745047024491794,2.8196956264919586
2006-01-02,2006,3.0559738609902607,2.8125548163029364
2006-01-09,2006,3.0485744085423425,2.893017657327261
2006-01-16,2006,2.830290561328752,2.9782796102871187
2006-01-23,2006,2.748896584401651,2.8759205180909153
2006-01-30,2006,2.1643398410161048,2.5811756622488358
2006-02-06,2006,2.2568329966150835,2.390023140677613
2006-02-13,2006,2.1828384721359004,2.201337103255696
2006-02-20,2006,2.449218760260959,2.296296743003981
2006-02-27,2006,2.2050368294796554,2.2790313539588385
2006-03-06,2006,2.652703702578713,2.4356530974397756
2006-03-13,2006,2.9227837169277313,2.5935080829953665
2006-03-20,2006,2.944982074271486,2.840156497925977
2006-03-27,2006,2.7673952155214465,2.878387002240222
2006-04-03,2006,3.955007333412335,3.2224615410684225
2006-04-10,2006,3.388949221146584,3.3704505900267883
2006-04-17,2006,4.421172837631188,3.921709797396702
2006-04-24,2006,4.23988625265719,4.016669437144987
2006-05-01,2006,4.262084610000945,4.307714566763107
2006-05-08,2006,5.527390978594974,4.67645394708437
2006-05-15,2006,5.579187145730403,5.122887578108774
2006-05-22,2006,6.0564518286211335,5.721009984315504
2006-05-29,2006,5.227713154454284,5.621117376268606
2006-06-05,2006,5.523691252371016,5.602618745148811
2006-06-12,2006,5.4163991918762004,5.389267866233833
2006-06-19,2006,5.50519262125122,5.4817610218328126
2006-06-26,2006,4.839241900938573,5.253611238021999
2006-07-03,2006,4.639456684844778,4.994630402344857
2006-07-10,2006,4.54326380302184,4.673987462935064
2006-07-17,2006,3.940208428516498,4.374309638794371
2006-07-24,2006,3.899511440052948,4.127661223863762
2006-07-31,2006,4.206588716641557,4.0154361950703334
2006-08-07,2006,3.899511440052948,4.001870532249151
2006-08-14,2006,3.5702358061205826,3.8921119876050287
2006-08-21,2006,3.329753601563238,3.599833615912256
2006-08-28,2006,3.030075777422547,3.3100217283687887
2006-09-04,2006,2.989378788958996,3.1164027226482602
2006-09-11,2006,3.3963486735945025,3.1386010799920143
2006-09-18,2006,2.9523815267194045,3.1127029964243005
2006-09-25,2006,2.8561886448964664,3.0683062817367905
2006-10-02,2006,2.8709875497923028,2.8931859071360577
2006-10-09,2006,3.2816571606517693,3.002944451780179
2006-10-16,2006,3.240960172188218,3.131201627544096
2006-10-23,2006,3.0115771463027508,3.1780648263809126
2006-10-30,2006,3.226161267292382,3.159566195261116
2006-11-06,2006,3.215062088620504,3.1509335007385455
2006-11-13,2006,3.122568933021525,3.187930762978137
2006-11-20,2006,2.896885633360017,3.0781722183340148
2006-11-27,2006,3.1595661952611165,3.059673587214219
2006-12-04,2006,2.8857864546881395,2.9807460944364244
2006-12-11,2006,2.8598883711204253,2.968413673689893
2006-12-18,2006,2.6009075354432847,2.7821941204172833
2006-12-25,2006,2.2790313539588385,2.5799424201741825
2007-01-01,2007,2.6302198692353906,2.5033862528791713
2007-01-08,2007,2.8673409392774163,2.592197387490548
2007-01-15,2007,2.5791476387648005,2.6922361490925355
2007-01-22,2007,2.3785067333446253,2.6083317704622804
2007-01-29,2007,2.312842437025295,2.4234989363782398
2007-02-05,2007,2.371210700420255,2.354186623596725
2007-02-12,2007,2.5900916881513556,2.4247149418656346
2007-02-19,2007,2.4040428485799206,2.45511507905051
2007-02-26,2007,2.290954338252185,2.42836295832782
2007-03-05,2007,2.4514670625883253,2.38215474980681
2007-03-12,2007,2.5098353259832855,2.417418908941265
2007-03-19,2007,2.7177722643278313,2.5596915509664804
2007-03-26,2007,3.0716298611597765,2.766412483823631
2007-04-02,2007,3.3707672110589475,3.0533897788488518
2007-04-09,2007,3.7611049725127432,3.4011673482438223
2007-04-16,2007,3.6042402646387877,3.5787041494034924
2007-04-23,2007,3.6516644786471932,3.6723365719329077
2007-04-30,2007,3.928913729773253,3.7282728243530774
2007-05-07,2007,4.50894834726067,4.0298421852270385
2007-05-14,2007,4.366675705235455,4.268179260756459
2007-05-21,2007,4.775253549000175,4.5502925338321
2007-05-28,2007,4.47976421556319,4.540564489932939
2007-06-04,2007,4.629332890512774,4.6281168850253795
2007-06-11,2007,4.56731661065563,4.558804572243865
2007-06-18,2007,3.9580978614707334,4.38491578754638
2007-06-25,2007,3.6772005938824877,4.067538355336284
2007-07-02,2007,4.107666536420319,3.914321663924513
2007-07-09,2007,3.8596014169917385,3.881489515764848
2007-07-16,2007,3.316046964126172,3.7611049725127423
2007-07-23,2007,3.0387977130001116,3.404815364706007
2007-07-30,2007,3.0497417623866667,3.1348621465043163
2007-08-06,2007,3.020557630689187,3.0363657020253214
2007-08-13,2007,2.9731334166807817,3.0144776032522116
2007-08-20,2007,2.9074691203614513,2.9670533892438065
2007-08-27,2007,2.5718516058404304,2.8174847142942205
2007-09-03,2007,2.9403012685211163,2.8065406649076654
2007-09-10,2007,3.104462009319442,2.872204961226996
2007-09-17,2007,2.757900445411866,2.9342212410841406
2007-09-24,2007,3.1081100257816265,2.9901574935043107
2007-10-01,2007,2.9877254825295214,2.9512453179076705
2007-10-08,2007,3.472911672000128,3.189582393437091
2007-10-15,2007,3.3999513427564274,3.286862832428692
2007-10-22,2007,3.3999513427564274,3.424271452504327
2007-10-29,2007,2.889229038050526,3.229710574521126
2007-11-05,2007,3.2905108488908774,3.1932304098992765
2007-11-12,2007,3.202958453798437,3.1275661135799457
2007-11-19,2007,3.1956624208740667,3.2297105745211265
2007-11-26,2007,3.217550519647177,3.205390464773226
2007-12-03,2007,2.885581021588341,3.099597987369861
2007-12-10,2007,2.9913734989917065,3.0315016800757406
2007-12-17,2007,2.8673409392774163,2.9147651532858205
2007-12-24,2007,3.316046964126172,3.058253800798431
2007-12-31,2007,2.757900445411866,2.9804294496051504
2008-01-07,2008,3.363953343873961,3.145966917803999
2008-01-14,2008,3.309986177929458,3.1439466557384272
2008-01-21,2008,2.7487276521066373,3.140889057970018
2008-01-28,2008,2.8386729286808072,2.965795586238967
2008-02-04,2008,2.899835716751243,2.8290787658462286
2008-02-11,2008,2.6911626750991684,2.8098904401770723
2008-02-18,2008,2.827879495491907,2.8062926291141057
2008-02-25,2008,3.0761284588366165,2.865056876475897
2008-03-03,2008,3.403529265566595,3.1025124066317056
2008-03-10,2008,3.3747467770628607,3.2848015004886904
2008-03-17,2008,3.1804649796626534,3.319580340764036
2008-03-24,2008,3.788495049304043,3.4479022686765184
2008-03-31,2008,3.4323117540703296,3.467090594345675
2008-04-07,2008,3.936005302885682,3.7189373687533505
2008-04-14,2008,4.252612676426761,3.8736432444609235
2008-04-21,2008,3.831668782059645,4.006762253790694
2008-04-28,2008,3.8532556484374454,3.9791790356412835
2008-05-05,2008,3.7812994271781095,3.822074619225066
2008-05-12,2008,3.6122023072186695,3.748919127611407
2008-05-19,2008,4.284992975993462,3.8928315701300797
2008-05-26,2008,3.4431051872592295,3.7801001568237864
2008-06-02,2008,3.680560717415039,3.80288629355591
2008-06-09,2008,3.202051846040454,3.4419059169049073
2008-06-16,2008,3.043748159269915,3.308786907575135
2008-06-23,2008,3.0401503482069483,3.0953167845057714
2008-06-30,2008,3.036552537143981,3.040150348206948
2008-07-07,2008,3.2488233898590226,3.108508758403317
2008-07-14,2008,3.1876606017885867,3.1576788429305296
2008-07-21,2008,2.5184677440767618,2.9849839119081234
2008-07-28,2008,2.8530641729326747,2.853064172932674
2008-08-04,2008,2.460902767069293,2.6108115613595757
2008-08-11,2008,2.2270450479764508,2.513670662659472
2008-08-18,2008,2.349370624117322,2.3457728130543547
2008-08-25,2008,2.1982625594727163,2.258226077188829
2008-09-01,2008,2.5796305321471973,2.3757545719124114
2008-09-08,2008,2.4680983891952266,2.415330493605046
2008-09-15,2008,2.442913711754459,2.49688087769896
2008-09-22,2008,2.583228343210164,2.498080148053283
2008-09-29,2008,2.162284448843048,2.39614216793589
2008-10-06,2008,2.3565662462432555,2.3673596794321554
2008-10-13,2008,2.5508480436434633,2.3565662462432546
2008-10-20,2008,2.586826154273131,2.498080148053283
2008-10-27,2008,2.5076743108878614,2.5484495029348175
2008-11-03,2008,2.802694818051139,2.632398427737377
2008-11-10,2008,2.8674554171845417,2.7259415153745135
2008-11-17,2008,2.5940217763990647,2.7547240038782483
2008-11-24,2008,2.827879495491907,2.763118896358504
2008-12-01,2008,2.3709574904951225,2.597619587462031
2008-12-08,2008,2.6443911312806,2.6144093724225423
2008-12-15,2008,2.2990012692357866,2.4381166303371686
2008-12-22,2008,2.018372006324376,2.320588135613587
2008-12-29,2008,4.216634565797093,2.844669280452418
2009-01-05,2009,2.157772798023026,2.7975931233814975
2009-01-12,2009,1.7780331773183158,2.7174801803794773
2009-01-19,2009,1.7709352404827137,1.9022470719413513
2009-01-26,2009,1.6289765037706725,1.7259816405239
2009-02-02,2009,1.9909712823863774,1.7969610088799206
2009-02-09,2009,1.802875956242923,1.807607914133324
2009-02-16,2009,2.090342398084806,1.9613965455713682
2009-02-23,2009,2.154223829605225,2.015814061310984
2009-03-02,2009,2.3920047135978937,2.212190313762641
2009-03-09,2009,2.4700820187895163,2.3387701873308777
2009-03-16,2009,2.9491927551926556,2.6037598291933546
2009-03-23,2009,3.282795786465952,2.900690186816041
2009-03-30,2009,3.2437571338701408,3.1585818918429154
2009-04-06,2009,3.6447905650816574,3.390447828472583
2009-04-13,2009,4.265860038196838,3.7181359123828783
2009-04-20,2009,4.2232724171832245,4.044641006820573
2009-04-27,2009,4.851439827134008,4.446857427504689
2009-05-04,2009,4.805303237702594,4.626671827339941
2009-05-11,2009,4.947261974414635,4.868001679750411
2009-05-18,2009,4.702383153586363,4.818316121901197
2009-05-25,2009,5.011143405935054,4.886929511312018
2009-06-01,2009,4.315545596046052,4.676357385189156
2009-06-08,2009,4.201978606676419,4.509555869552508
2009-06-15,2009,3.492184923116213,4.0032363752795606
2009-06-22,2009,3.268599912794748,3.654254480862459
2009-06-29,2009,3.0379169656376814,3.2662339338495467
2009-07-06,2009,3.098249428740299,3.134922102390909
2009-07-13,2009,2.8640175131654306,3.0000613025144696
2009-07-20,2009,2.2074583558722405,2.7232417659259895
2009-07-27,2009,2.2181052611256433,2.429860376721104
2009-08-03,2009,1.8986981035235508,2.108087240173811
2009-08-10,2009,1.7460924615581066,1.954298608735766
2009-08-17,2009,1.9519326297905661,1.8655743982907407
2009-08-24,2009,1.923540882448158,1.8738553245989429
2009-08-31,2009,2.047754777071194,1.9744094297699721
2009-09-07,2009,2.037107871817791,2.00280117711238
2009-09-14,2009,2.161321766440827,2.0820614717766035
2009-09-21,2009,1.8383656404209332,2.0122650928931836
2009-09-28,2009,1.8809532614345457,1.9602135560987681
2009-10-05,2009,2.232301134796847,1.9838733455507747
2009-10-12,2009,2.0051671560575817,2.039473850762991
2009-10-19,2009,1.8916001666879487,2.0430228191807918
2009-10-26,2009,2.200360419036638,2.032375913927389
2009-11-02,2009,2.179066608529832,2.090342398084806
2009-11-09,2009,2.3636129662554857,2.247679997940651
2009-11-16,2009,2.2287521663790466,2.2571439137214546
2009-11-23,2009,2.2145562927078424,2.2689738084474578
2009-11-30,2009,2.1471258927696226,2.1968114506188368
2009-12-07,2009,2.3671619346732866,2.24294804005025
2009-12-14,2009,2.0938913665026075,2.2027263979818383
2009-12-21,2009,2.019363029728786,2.1601387769682265
2009-12-28,2009,2.2561919421867254,2.1231487794727055
2010-01-04,2010,2.4930208546446644,2.256191942186725
2010-01-11,2010,2.2199090194448274,2.323040605425405
2010-01-18,2010,1.7647226274450996,2.15921750051153
2010-01-25,2010,1.7157025544605133,1.9001114004501465
2010-02-01,2010,1.7507168923066463,1.7437140247374192
2010-02-08,2010,1.785731230152779,1.7507168923066458
2010-02-15,2010,1.939794316675764,1.825414146378396
2010-02-22,2010,1.9467971842449905,1.8907742436911772
2010-03-01,2010,2.27593195999864,2.0541744869731313
2010-03-08,2010,2.28643626135248,2.1697218018653697
2010-03-15,2010,2.55254522898309,2.3716378167780694
2010-03-22,2010,2.9026886074444196,2.5805566992599958
2010-03-29,2010,3.004230187198205,2.8198213412085713
2010-04-05,2010,3.557456725167105,3.154791839936576
2010-04-12,2010,3.8900929347053674,3.483926615690225
2010-04-19,2010,4.170207637474431,3.8725857657823006
2010-04-26,2010,4.149199034766752,4.0698332023155155
2010-05-03,2010,4.229732011812857,4.183046228018013
2010-05-10,2010,3.8725857657823015,4.08383893745397
2010-05-17,2010,4.460826641597334,4.187714806397497
2010-05-24,2010,3.4874280494748393,3.9402801522848243
2010-05-31,2010,3.4559151454133197,3.801389945495164
2010-06-07,2010,3.2073133467057753,3.3835521805313107
2010-06-14,2010,2.958711547998232,3.207313346705775
2010-06-21,2010,2.7731355574137275,2.979720150705911
2010-06-28,2010,2.3354563343370662,2.6891011465830084
2010-07-05,2010,2.5350380600600237,2.5478766506036052
2010-07-12,2010,2.1848946815986947,2.351796358665261
2010-07-19,2010,2.440499347875465,2.3868106965113935
2010-07-26,2010,2.0343330288603227,2.219909019444827
2010-08-02,2010,2.212906151875601,2.229246176203796
2010-08-09,2010,1.9082814126142444,2.0518401977833887
2010-08-16,2010,1.7927340977220059,1.971307220737283
2010-08-23,2010,1.5406308652298488,1.7472154585220325
2010-08-30,2010,1.7787283625835526,1.7040311085118018
2010-09-06,2010,1.785731230152779,1.7016968193220594
2010-09-13,2010,1.7682240612297127,1.7775612179886808
2010-09-20,2010,1.7577197598758727,1.770558350419454
2010-09-27,2010,1.4811064908914227,1.669016770665669
2010-10-04,2010,2.044837330214163,1.7612211936604856
2010-10-11,2010,2.167387512675628,1.897777111260404
2010-10-18,2010,1.974808654521897,2.062344499137229
2010-10-25,2010,1.7787283625835526,1.973641509927025
2010-11-01,2010,1.9292900153219241,1.8942756774757907
2010-11-08,2010,2.0168258599372564,1.9082814126142438
2010-11-15,2010,1.9818115220911234,1.9759757991167675
2010-11-22,2010,2.0308315950757097,2.0098229923680293
2010-11-29,2010,1.9678057869526704,1.993482968039834
2010-12-06,2010,1.939794316675764,1.9794772329013808
2010-12-13,2010,2.216407585660214,2.041335896429549
2010-12-20,2010,1.6666824814759271,1.9409614612706345
2010-12-27,2010,2.1743903802448545,2.0191601491269977
2011-01-03,2011,2.0627284355130797,1.9679337657446199
2011-01-10,2011,1.9314324881939895,2.0561837679839736
2011-01-17,2011,1.599737463387866,1.864632795698311
2011-01-24,2011,1.693026689114588,1.7413988802321472
2011-01-31,2011,1.4373451074932013,1.576703086665218
2011-02-07,2011,1.5755513678290862,1.5686410548122913
2011-02-14,2011,1.5582755852871006,1.5237240202031288
2011-02-21,2011,1.5513652722703062,1.5617307417954969
2011-02-28,2011,1.713757628164971,1.6077994952407917
2011-03-07,2011,1.6170132459298516,1.6273787154550423
2011-03-14,2011,2.2216656348993475,1.8508121696647226
2011-03-21,2011,2.2320311044245384,2.0235699950845785
2011-03-28,2011,2.4324301819115717,2.2953756404118186
2011-04-04,2011,3.2236610223345115,2.6293741028902065
2011-04-11,2011,3.375687908703985,3.0105930376500223
2011-04-18,2011,3.6002730817497977,3.3998740042627644
2011-04-25,2011,3.6071833947665923,3.5277147950734578
2011-05-02,2011,3.7453896551024766,3.6509487105396214
2011-05-09,2011,3.5415354211070467,3.6313694903253713
2011-05-16,2011,4.0390779583162315,3.7753343448419177
2011-05-23,2011,3.462066821413913,3.680893400279063
2011-05-30,2011,3.4862529169726932,3.6624658989009453
2011-06-06,2011,3.410239473787956,3.4528530707248533
2011-06-13,2011,3.2616677439268797,3.386053378229176
2011-06-20,2011,2.9023314670535796,3.1914128949228044
2011-06-27,2011,2.4013337733359976,2.855110994772152
2011-07-04,2011,2.5533606597054708,2.619008633365015
2011-07-11,2011,2.4531611209619544,2.469285184667807
2011-07-18,2011,2.3114997041176726,2.439340494928365
2011-07-25,2011,2.045452652971094,2.2700378260169067
2011-08-01,2011,1.976349522803152,2.111100626630639
2011-08-08,2011,1.8243226364336789,1.9487082707359742
2011-08-15,2011,1.6170132459298516,1.8058951350555603
2011-08-22,2011,1.3336904122412878,1.5916754315349388
2011-08-29,2011,1.5651858983038947,1.505296518825011
2011-09-05,2011,1.5720962113206889,1.4903241739552897
2011-09-12,2011,1.6377441849802343,1.5916754315349386
2011-09-19,2011,1.5029930811527465,1.570944492484556
2011-09-26,2011,1.5168137071863352,1.5525169911064378
2011-10-03,2011,1.509903394169541,1.5099033941695403
2011-10-10,2011,1.5340894897283208,1.5202688636947317
2011-10-17,2011,1.4926276116275552,1.5122068318418052
2011-10-24,2011,1.3025940036657138,1.4431037016738628
2011-10-31,2011,1.7033921586397796,1.4995379246443488
2011-11-07,2011,1.547910115761909,1.5179654260224666
2011-11-14,2011,1.3855177598672446,1.5456066780896436
2011-11-21,2011,1.772495288807722,1.568641054812291
2011-11-28,2011,1.9521634272443722,1.7033921586397789
2011-12-05,2011,1.5306343332199235,1.7517643497573385
2011-12-12,2011,1.513358550677938,1.6653854370474106
2011-12-19,2011,1.627378715455043,1.5571238664509677
2011-12-26,2011,1.5755513678290862,1.5720962113206884
2012-01-02,2012,1.5652298277425358,1.5893866370088876
2012-01-09,2012,1.5652298277425358,1.5686703411047187
2012-01-16,2012,1.4970280923289176,1.5424959159379956
2012-01-23,2012,1.3299338405655534,1.4640639202123351
2012-01-30,2012,1.418596096603257,1.4151860098325753
2012-02-06,2012,1.374264968584405,1.3742649685844046
2012-02-13,2012,1.3913154024378096,1.39472548920849
2012-02-20,2012,1.343574187648277,1.3697181862234966
2012-02-27,2012,1.5447693071184505,1.4265529657348452
2012-03-05,2012,1.4424667039980232,1.4436033995882498
2012-03-12,2012,1.6163811293027492,1.534539046806407
2012-03-19,2012,1.7289139927352193,1.5959206086786633
2012-03-26,2012,2.056282322720586,1.8005258149195178
2012-04-02,2012,2.318859004063016,2.034685106506273
2012-04-09,2012,3.021336878823283,2.4654927352022944
2012-04-16,2012,3.4510078119290766,2.9304012316051242
2012-04-23,2012,3.590821369526994,3.3543886867597834
2012-04-30,2012,3.788606402226487,3.610145194560852
2012-05-07,2012,3.641972671087207,3.673800147613562
2012-05-14,2012,3.7204046668128683,3.716994580042187
2012-05-21,2012,3.7613257080610394,3.707901015320371
2012-05-28,2012,3.590821369526994,3.6908505814669663
2012-06-04,2012,3.8533980508694237,3.7351817094858184
2012-06-11,2012,3.399856510368863,3.6146919769217596
2012-06-18,2012,2.912214102161494,3.388489554466593
2012-06-25,2012,2.506413776450466,2.93949479632694
2012-07-02,2012,2.468902821972976,2.629176900194978
2012-07-09,2012,2.352959871769825,2.442758823397755
2012-07-16,2012,2.1551748390703325,2.325679177604377
2012-07-23,2012,1.9778503269949252,2.1619950126116936
2012-07-30,2012,1.7630148604420286,1.9653466755024283
2012-08-06,2012,1.6641223440922819,1.8016625105097448
2012-08-13,2012,1.5720500012838976,1.6663957352727354
2012-08-20,2012,1.527718873265046,1.5879637395470745
2012-08-27,2012,1.275372452234659,1.4583804422612003
2012-09-03,2012,1.5515894806598123,1.4515602687198383
2012-09-10,2012,1.4936180055582369,1.4401933128175688
2012-09-17,2012,1.2856027125467016,1.4436033995882498
2012-09-24,2012,1.234451410986488,1.3378907096971417
2012-10-01,2012,1.2617321051519352,1.2605954095617076
2012-10-08,2012,1.4083658362912141,1.3015164508098784
2012-10-15,2012,1.3606246215016815,1.3435741876482765
2012-10-22,2012,1.4288263569152997,1.399272271569398
2012-10-29,2012,1.3844952288964478,1.3913154024378092
2012-11-05,2012,1.7186837324231765,1.5106684394116405
2012-11-12,2012,1.5856903483666214,1.5629564365620814
2012-11-19,2012,1.5311289600357267,1.6118343469418408
2012-11-26,2012,1.4424667039980232,1.5197620041334563
2012-12-03,2012,1.5822802615959404,1.5186253085432295
2012-12-10,2012,1.735734166276581,1.5868270439568477
2012-12-17,2012,1.735734166276581,1.6845828647163668
2012-12-24,2012,1.6914030382577294,1.7209571236036298
2012-12-31,2012,1.7596047736713476,1.7289139927352188
2013-01-07,2013,2.0264384237230906,1.8258154118840553
2013-01-14,2013,1.999509009454345,1.928517402282927
2013-01-21,2013,1.7201163364161116,1.9153545898645152
2013-01-28,2013,1.5417089668856736,1.7537781042520428
2013-02-04,2013,1.5013148454825553,1.587713382928113
2013-02-11,2013,1.4205266026763192,1.487850138348182
2013-02-18,2013,1.4104280723255398,1.4440898401614708
2013-02-25,2013,1.4036957187583534,1.4115501312534036
2013-03-04,2013,1.5248780829677078,1.4463339580171999
2013-03-11,2013,1.592201618639571,1.5069251401218768
2013-03-18,2013,1.9490163577004476,1.6886986864359084
2013-03-25,2013,2.0466354844246495,1.8626178202548889
2013-04-01,2013,2.8275884982182657,2.27441344678112
2013-04-08,2013,2.999263514181518,2.6244958322748104
2013-04-15,2013,3.3022194247049033,3.043023812368228
2013-04-22,2013,3.37290913716036,3.2247973586822596
2013-04-29,2013,3.261825303301785,3.3123179550556823
2013-05-06,2013,3.207966474764295,3.280900305075479
2013-05-13,2013,3.2416282426002256,3.2371400068887675
2013-05-20,2013,3.207966474764295,3.219187064042938
2013-05-27,2013,3.16083999979399,3.2034782390528362
2013-06-03,2013,3.37290913716036,3.247238537239548
2013-06-10,2013,3.0564885195026017,3.1967458854856496
2013-06-17,2013,2.891545857106536,3.1069811712564985
2013-06-24,2013,2.5111678805605075,2.8197340857232143
2013-07-01,2013,2.4101825770527125,2.6042987715732515
2013-07-08,2013,2.2149443236043083,2.378764927072509
2013-07-15,2013,2.171184025417597,2.2654369753582055
2013-07-22,2013,1.9355516505660748,2.107226666529326
2013-07-29,2013,1.7908060488715682,1.9658472416184125
2013-08-05,2013,1.8951575291629565,1.8738384095335325
2013-08-12,2013,1.5181457294005214,1.734703102478348
2013-08-19,2013,1.4205266026763192,1.611276620413265
2013-08-26,2013,1.3834986580567943,1.4407236633778775
2013-09-02,2013,1.2926118848997787,1.3655457152109634
2013-09-09,2013,1.4609207240794373,1.3790104223453359
2013-09-16,2013,1.2959780616833718,1.349836890220862
2013-09-23,2013,1.1781618742576108,1.3116868866734726
2013-09-30,2013,1.2151898188771355,1.229776584939372
2013-10-07,2013,1.2185559956607288,1.203969229598491
2013-10-14,2013,1.3935971884075737,1.275781000981812
2013-10-21,2013,1.2926118848997787,1.301588356322693
2013-10-28,2013,1.3094427688177446,1.3318839473750315
2013-11-04,2013,1.3666677741388285,1.3229074759521164
2013-11-11,2013,1.2522177634966607,1.3094427688177437
2013-11-18,2013,1.471019254430217,1.3633015973552347
2013-11-25,2013,1.5383427901020805,1.4205266026763186
2013-12-02,2013,1.3397383598700832,1.4497001348007927
2013-12-09,2013,1.2118236420935424,1.3633015973552345
2013-12-16,2013,1.1949927581755766,1.2488515867130667
2013-12-23,2013,1.144500106421679,1.183772168896932
2013-12-30,2013,1.2151898188771355,1.1848942278247963
2014-01-06,2014,1.1166568039726927,1.1587822430905017
2014-01-13,2014,0.997015003547047,1.1096205421322909
2014-01-20,2014,1.0136319202728312,1.0424345759308562
2014-01-27,2014,0.9770747034761061,0.9959072090986608
2014-02-03,2014,1.0468657537243993,1.0125241258244448
2014-02-10,2014,0.8906667365020288,0.9715357312341774
2014-02-17,2014,1.0634826704501836,1.0003383868922031
2014-02-24,2014,1.0668060537953403,1.006985153582517
2014-03-03,2014,0.8740498197762445,1.0014461813405888
2014-03-10,2014,1.0967165039017517,1.0125241258244448
2014-03-17,2014,1.1432438707339472,1.0380033981373138
2014-03-24,2014,1.2595622878144361,1.1665075541500443
2014-03-31,2014,1.2695324378499064,1.2241128654660958
2014-04-07,2014,1.5520200221882365,1.3603715826175256
2014-04-14,2014,1.691602122684823,1.5043848609076544
2014-04-21,2014,1.7414528728621754,1.661691672578411
2014-04-28,2014,1.69492550602998,1.7093268338589922
2014-05-05,2014,2.087084740758485,1.8411543732168794
2014-05-12,2014,2.4327166086547947,2.071575618481086
2014-05-19,2014,2.708557426302811,2.4094529252386963
2014-05-26,2014,2.8281992267284566,2.656491087228687
2014-06-02,2014,2.7052340429576542,2.7473302319963064
2014-06-09,2014,2.7417912597543794,2.758408176480163
2014-06-16,2014,2.6487365260899884,2.69858727626734
2014-06-23,2014,2.6055325426029494,2.6653534428157717
2014-06-30,2014,2.3994827752032264,2.551250614632054
2014-07-07,2014,2.6420897593996746,2.5490350257352827
2014-07-14,2014,2.46927382545152,2.503615453351473
2014-07-21,2014,2.0305872238908194,2.3806502695806704
2014-07-28,2014,1.8943285067393894,2.131396518693909
2014-08-04,2014,1.980736473713467,1.9685507347812246
2014-08-11,2014,1.2462687544338087,1.7071112449622208
2014-08-18,2014,1.3426468714433566,1.5232173665302102
2014-08-25,2014,1.2662090545047497,1.2850415601273042
2014-09-01,2014,1.2894727379208475,1.2994428879563173
2014-09-08,2014,1.375880704894925,1.3105208324401734
2014-09-15,2014,1.1698309374952018,1.2783947934369906
2014-09-22,2014,1.3293533380627294,1.291688326817618
2014-09-29,2014,1.2927961212660042,1.2639934656079779
2014-10-06,2014,1.4822289719399433,1.3681261437562249
2014-10-13,2014,1.6218110724365298,1.4656120552141585
2014-10-20,2014,1.4755822052496295,1.5265407498753667
2014-10-27,2014,1.448995138488375,1.5154628053915105
2014-11-03,2014,1.565313555568864,1.4966302997689553
2014-11-10,2014,1.6683384392687253,1.5608823777753207
2014-11-17,2014,1.7015722727202935,1.6450747558526269
2014-11-24,2014,1.7946270063846845,1.7215125727912337
2014-12-01,2014,1.4091145383464931,1.6351046058171563
2014-12-08,2014,1.581930472294648,1.5952240056752744
2014-12-15,2014,1.4822289719399433,1.4910913275270274
2014-12-22,2014,1.3260299547175727,1.463396466317387
2014-12-29,2014,2.715204192993125,1.8411543732168798
2015-01-05,2015,1.1978075855021308,1.7463472444042756
2015-01-12,2015,1.0173160315223577,1.6434426033392038
2015-01-19,2015,1.033724354611428,1.082949323878638
2015-01-26,2015,0.9451194099304485,0.9987199320214106
2015-02-02,2015,1.1912442562665027,1.0566960069361258
2015-02-09,2015,1.0731043300251966,1.069822665407382
2015-02-16,2015,1.0173160315223577,1.0938882059380182
2015-02-23,2015,1.0763859946430108,1.0556021187301876
2015-03-02,2015,1.1453009516171058,1.079667659260824
2015-03-09,2015,1.3553274871572056,1.19233814447244
2015-03-16,2015,1.673648955085169,1.3914257979531595
2015-03-23,2015,1.6867756135564254,1.5719173519329326
2015-03-30,2015,2.19215196469979,1.8508588444471272
2015-04-06,2015,2.5203184264811958,2.1330820015791363
2015-04-13,2015,2.431713481800216,2.3813946243270663
2015-04-20,2015,2.4448401402714723,2.4656240161842935
2015-04-27,2015,3.0224131130067464,2.6329889116928107
2015-05-04,2015,2.828794900555717,2.765349384611311
2015-05-11,2015,3.1044547284520982,2.9852209140048536
2015-05-18,2015,2.4973467741564974,2.8101988010547694
2015-05-25,2015,2.6811199927540845,2.760973831787559
2015-06-01,2015,2.274193580145141,2.48422011568524
2015-06-08,2015,2.356235195590493,2.4371829228299053
2015-06-15,2015,2.142926995432579,2.2577852570560704
2015-06-22,2015,2.0050970814843887,2.168086424169153
2015-06-29,2015,1.7753805582374047,1.9744682117181231
2015-07-06,2015,1.7064656012633095,1.8289810803283668
2015-07-13,2015,1.3454824933037632,1.609109550934825
2015-07-20,2015,1.2962575240365524,1.449401872867874
2015-07-27,2015,1.214215908591201,1.2853186419771714
2015-08-03,2015,1.1453009516171058,1.2185914614149522
2015-08-10,2015,1.2010892501199448,1.1868687034427496
2015-08-17,2015,1.0501326777004982,1.1321742931458487
2015-08-24,2015,1.1682726039418043,1.1398315105874148
2015-08-31,2015,1.204370914737759,1.140925398793353
2015-09-07,2015,1.102639311585523,1.1584276100883613
2015-09-14,2015,1.1781175977952465,1.1617092747061752
2015-09-21,2015,1.1715542685596183,1.150770392646795
2015-09-28,2015,1.2306242316802714,1.1934320326783778
2015-10-05,2015,1.4078341210422305,1.2700042070940392
2015-10-12,2015,1.3093841825078087,1.3159475117434358
2015-10-19,2015,1.2339058962980853,1.317041399949374
2015-10-26,2015,1.2765675363296682,1.2732858717118531
2015-11-02,2015,1.4504957610738132,1.320323064567188
2015-11-09,2015,1.4636224195450693,1.3968952389828495
2015-11-16,2015,1.6178606565823301,1.5106596124004035
2015-11-23,2015,1.4275241087491148,1.5030023949588374
2015-11-30,2015,1.5226923826657224,1.5226923826657215
2015-12-07,2015,1.3553274871572056,1.43518132619068
2015-12-14,2015,1.2339058962980853,1.3706419220403372
2015-12-21,2015,1.1978075855021308,1.262346989652473
2015-12-28,2015,1.2973351159990503,1.2430161992664213
2016-01-04,2016,1.39686264649597,1.2973351159990496
2016-01-11,2016,1.2477775380532448,1.3139917668494208
2016-01-18,2016,1.1861989063051626,1.2769463636181249
2016-01-25,2016,1.1311022357937206,1.1883595600507084
2016-02-01,2016,1.0662826234273182,1.1278612551753995
2016-02-08,2016,1.1375841970303608,1.1116563520837992
2016-02-15,2016,1.1246202745570804,1.1094956983382522
2016-02-22,2016,1.0922104683738791,1.1181383133204392
2016-02-29,2016,1.173234983831882,1.1300219089209462
2016-03-07,2016,1.1667530225952418,1.1440661582670002
2016-03-14,2016,1.1699940032135618,1.169994003213561
2016-03-21,2016,1.0954514489921994,1.1440661582670002
2016-03-28,2016,1.3288020535112477,1.1980825019056687
2016-04-04,2016,1.4487183363890919,1.2909906129641788
2016-04-11,2016,1.66910501843486,1.4822084694450657
2016-04-18,2016,1.8084671850226248,1.6420968466155248
2016-04-25,2016,1.8927326810989478,1.7901016281854767
2016-05-02,2016,1.9899620996485514,1.8970539885900404
2016-05-09,2016,2.1033964212897556,1.9953637340124173
2016-05-16,2016,2.4404584055950473,2.177938975511117
2016-05-23,2016,2.8326170604117813,2.4588239624321937
2016-05-30,2016,2.369156831992005,2.54741076599961
2016-06-06,2016,2.709459796915617,2.6370778964398003
2016-06-13,2016,2.8682678472133025,2.6489614920403075
2016-06-20,2016,2.479350173014889,2.685692605714602
2016-06-27,2016,2.327024083953843,2.558214034727344
2016-07-04,2016,2.2654454522057614,2.357273236391497
2016-07-11,2016,2.258963490969121,2.2838110090429073
2016-07-18,2016,2.028853867068393,2.184420936747758
2016-07-25,2016,2.0029260221218315,2.096914460053114
2016-08-01,2016,1.759852475747823,1.930544121646015
2016-08-08,2016,1.5167789293738143,1.759852475747822
2016-08-15,2016,1.4065855883509304,1.5610723311575219
2016-08-22,2016,1.2704644023814855,1.3979429733687425
2016-08-29,2016,1.7566114951295029,1.477887161953972
2016-09-05,2016,1.5718755998852565,1.532983832465414
2016-09-12,2016,1.4227904914425311,1.5837591954857626
2016-09-19,2016,1.789021301312704,1.5945624642134966
2016-09-26,2016,1.7922622819310243,1.6680246915620855
2016-10-03,2016,1.5265018712287748,1.7025951514908335
2016-10-10,2016,1.4454773557707719,1.588080502976856
2016-10-17,2016,1.6431771734882987,1.538385466829281
2016-10-24,2016,1.6334542316333385,1.5740362536308021
2016-10-31,2016,1.4649232394806926,1.5805182148674426
2016-11-07,2016,1.539465793702055,1.5459477549386946
2016-11-14,2016,1.507055987518854,1.503815006900533
2016-11-21,2016,1.4843691231906133,1.5102969681371732
2016-11-28,2016,1.2704644023814855,1.4206298376969835
2016-12-05,2016,1.309356169801327,1.3547298984578078
2016-12-12,2016,1.1116563520837999,1.23049230808887
2016-12-19,2016,1.1861989063051626,1.2024038093967622
2016-12-26,2016,1.3579708790761287,1.2186087124883629
2017-01-02,2017,1.3541466419164088,1.2994388090992324
2017-01-09,2017,1.1556665194605757,1.2892613468177034
2017-01-16,2017,1.1460626425675515,1.218625267981511
2017-01-23,2017,1.2292962423070946,1.1770084681117396
2017-01-30,2017,1.0308161198512615,1.1353916682419685
2017-02-06,2017,1.363750518809433,1.2079542936559287
2017-02-13,2017,1.398964734083855,1.2645104575815156
2017-02-20,2017,1.69348362546993,1.4853996261210716
2017-02-27,2017,1.7607107637210988,1.6177197077582937
2017-03-06,2017,1.6454642410048088,1.6998862100652783
2017-03-13,2017,1.8119314404838947,1.7393688150699333
2017-03-20,2017,1.946385716986233,1.8012604661583111
2017-03-27,2017,2.3817614694699953,2.046692875646707
2017-04-03,2017,2.3017291620281273,2.2099587828281178
2017-04-10,2017,2.554631253544431,2.4127072950141835
2017-04-17,2017,2.583442884223503,2.479934433265353
2017-04-24,2017,2.4553911923165144,2.531155110028149
2017-05-01,2017,2.2088916853955602,2.415908587311858
2017-05-08,2017,2.0264180244281014,2.2302336340467246
2017-05-15,2017,2.1256580856560174,2.1203225984932255
2017-05-22,2017,1.9335805477955341,2.028552219293217
2017-05-29,2017,1.8503469480559913,1.9698618605025136
2017-06-05,2017,1.6966849177676047,1.826870804539709
2017-06-12,2017,1.8439443634606418,1.7969920764280782
2017-06-19,2017,1.6806784562792307,1.7404359125024917
2017-06-26,2017,1.4661918723350242,1.6636048973582982
2017-07-03,2017,1.3701531034047825,1.5056744773396782
2017-07-10,2017,1.469393164632699,1.4352460467908343
2017-07-17,2017,1.3509453496187342,1.3968305392187377
2017-07-24,2017,1.421373780167578,1.4139040981396696
2017-07-31,2017,1.2421014114977935,1.3381401804280344
2017-08-07,2017,1.1556665194605757,1.2730472370419816
2017-08-14,2017,1.117251011888479,1.1716729809489486
2017-08-21,2017,1.1716729809489494,1.1481968374326674
2017-08-28,2017,1.270913042176866,1.1866123450047639
2017-09-04,2017,1.0884393812094066,1.1770084681117396
2017-09-11,2017,1.117251011888479,1.1588678117582496
2017-09-18,2017,1.3733543957024572,1.1930149296001133
2017-09-25,2017,1.5718345181582902,1.354146641916408
2017-10-02,2017,1.5526267643722418,1.4992718927443291
2017-10-09,2017,1.6742758716838813,1.5995790514048036
2017-10-16,2017,1.8023275635908704,1.676410066548997
2017-10-23,2017,1.7895223944001712,1.7553752765583068
2017-10-30,2017,1.5718345181582902,1.7212281587164433
2017-11-06,2017,1.6710745793862065,1.677477163981555
2017-11-13,2017,1.5334190105861933,1.592109369376896
2017-11-20,2017,1.69348362546993,1.632659071814109
2017-11-27,2017,1.4053673186792044,1.5440899849117748
2017-12-04,2017,1.5142112568001451,1.5376874003164254
2017-12-11,2017,1.3829582725954814,1.434178949358276
2017-12-18,2017,1.283718211367565,1.393629246921063
2017-12-25,2017,1.3509453496187342,1.3392072778605926
2018-01-01,2018,1.30863898820216,1.3144341830628188
2018-01-08,2018,1.1692198223888548,1.276268053403249
2018-01-15,2018,1.1945687616276375,1.2241425240728832
2018-01-22,2018,1.0139575695513106,1.1259153845226002
2018-01-29,2018,0.9981144825270712,1.068880271235339
2018-02-05,2018,1.0519809784094847,1.0213510101626213
2018-02-12,2018,0.9062245777864837,0.985440012907679
2018-02-19,2018,0.861863934118614,0.9400231634381931
2018-02-26,2018,0.7066016812810695,0.8248967310620549
2018-03-05,2018,0.77947988159257,0.7826484989974168
2018-03-12,2018,0.8143346730458961,0.7668054119731776
2018-03-19,2018,0.9379107518349622,0.8439084354911418
2018-03-26,2018,1.0741613002434196,0.9421355750414251
2018-04-02,2018,1.248435257510051,1.08683576986281
2018-04-09,2018,1.5050932673027264,1.2758966083520649
2018-04-16,2018,1.8282922425972068,1.5272735891366604
2018-04-23,2018,2.0342523739123166,1.7892126279374156
2018-04-30,2018,2.195851861559557,2.0194654926896924
2018-05-07,2018,2.538062541283124,2.256055592251665
2018-05-14,2018,2.9848375953666704,2.57291733273645
2018-05-21,2018,3.3904206231871945,2.9711069199456617
2018-05-28,2018,2.892947690626083,3.0894019697266484
2018-06-04,2018,2.9943434475812136,3.092570587131496
2018-06-11,2018,3.311205188065998,3.0661654420910973
2018-06-18,2018,3.5456828760247387,3.2837438372239824
2018-06-25,2018,3.127425378584823,3.3281044808918523
2018-07-02,2018,2.946814186508496,3.2066408137060187
2018-07-09,2018,2.718673733359451,2.9309710994842555
2018-07-16,2018,2.6331210634285593,2.766202994432168
2018-07-23,2018,2.186346009345013,2.51271360204434
2018-07-30,2018,2.0374209913171644,2.2856293546969115
2018-08-06,2018,1.904339060313555,2.0427020203252435
2018-08-13,2018,1.6064890242578576,1.8494163586295247
2018-08-20,2018,1.4195405973718347,1.6434562273144149
2018-08-27,2018,1.4829129454687915,1.5029808556994937
2018-09-03,2018,1.6033204068530098,1.5019246498978778
2018-09-10,2018,1.5304422065415093,1.5388918529544362
2018-09-17,2018,1.4322150669912261,1.5219925601285809
2018-09-24,2018,1.5304422065415093,1.4976998266914139
2018-10-01,2018,1.3054703707973123,1.4227092147766818
2018-10-08,2018,1.5114305021124221,1.4491143598170801
2018-10-15,2018,1.5811400850190747,1.4660136526429355
2018-10-22,2018,1.3846858059185083,1.492418797683334
2018-10-29,2018,1.454395388825161,1.4734070932542471
2018-11-05,2018,1.6857044593790536,1.5082618847075733
2018-11-12,2018,1.498756032493031,1.5462852935657476
2018-11-19,2018,1.6096576416627055,1.5980393778449289
2018-11-26,2018,1.4702384758494003,1.5262173833350445
2018-12-03,2018,1.4575640062300088,1.5124867079140374
2018-12-10,2018,1.4068661277524432,1.4448895366106165
2018-12-17,2018,1.2516038749148988,1.372011336299116
2018-12-24,2018,1.188231526817942,1.2822338431617604
2018-12-31,2018,1.1755570571985505,1.2051308196437962
2019-01-07,2019,1.0892771556794911,1.1510219132319937
2019-01-14,2019,1.0986138170138866,1.1211493432973085
2019-01-21,2019,1.0425938490075128,1.076828273900296
2019-01-28,2019,0.924329472105168,1.021845712708855
2019-02-04,2019,0.9616761174427507,0.9761998128518097
2019-02-11,2019,1.04881828989711,0.9782746264816753
2019-02-18,2019,1.1297360214618721,1.0467434762672434
2019-02-25,2019,0.9865738810011391,1.055042730786706
2019-03-04,2019,1.0519305103419085,1.056080137601639
2019-03-11,2019,0.9554516765531536,0.9979853559653996
2019-03-18,2019,1.1546337850202606,1.0540053239717733
2019-03-25,2019,1.344479232152972,1.151521564575461
2019-04-01,2019,1.556110222399273,1.351741079857501
2019-04-08,2019,1.6494768357432295,1.516688763431824
2019-04-15,2019,1.6992723628600062,1.6349531403341686
2019-04-22,2019,1.767741212645574,1.7054968037496023
2019-04-29,2019,1.8019756375383582,1.7563297376813118
2019-05-06,2019,2.1847787522485795,1.9181652008108365
2019-05-13,2019,2.100748800239019,2.0291677300086515
2019-05-20,2019,1.9762599824470768,2.087262511644891
2019-05-27,2019,2.371511978936492,2.1495069205408615
2019-06-03,2019,2.3683997584916936,2.2387239066250864
2019-06-10,2019,2.206564295362169,2.315492010930117
2019-06-17,2019,2.3061553495957225,2.2937064678165275
2019-06-24,2019,2.1754420909141836,2.2293872452906904
2019-07-01,2019,2.262584263368543,2.2480605679594823
2019-07-08,2019,2.3061553495957225,2.2480605679594823
2019-07-15,2019,1.938913337109494,2.1692176500245854
2019-07-22,2019,1.8455467237655379,2.030205136823584
2019-07-29,2019,1.8673322668791275,1.8839307759180521
2019-08-05,2019,1.6245790721848408,1.7791526876098345
2019-08-12,2019,1.4036114206041443,1.6318409198893697
2019-08-19,2019,1.2448881779194183,1.4243595569028003
2019-08-26,2019,1.4191725228281369,1.3558907071172321
2019-09-02,2019,1.5187635770616905,1.3942747592697478
2019-09-09,2019,1.5063146952824962,1.481416931724107
2019-09-16,2019,1.4253969637177342,1.4834917453539729
2019-09-23,2019,1.5187635770616905,1.4834917453539724
2019-09-30,2019,1.3662647752665618,1.4368084386819946
2019-10-07,2019,1.3071325868153894,1.3973869797145462
2019-10-14,2019,1.4191725228281369,1.3641899616366953
2019-10-21,2019,1.4471825068313238,1.3911625388249493
2019-10-28,2019,1.3662647752665618,1.4108732683086733
2019-11-04,2019,1.481416931724108,1.4316214046073303
2019-11-11,2019,1.3475914525977706,1.3984243865294792
2019-11-18,2019,1.384938097935353,1.4046488274190763
2019-11-25,2019,1.4285091841625326,1.3870129115652177
2019-12-02,2019,1.39116253882495,1.4015366069742778
2019-12-09,2019,1.254224839253814,1.357965520747098
2019-12-16,2019,1.3413670117081733,1.3289181299289783
2019-12-23,2019,1.344479232152972,1.3133570277049855
2019-12-30,2019,1.2791226028122025,1.3216562822244484
2020-01-06,2020,1.3087742308667936,1.3107920219439884
2020-01-13,2020,1.2014976545662368,1.2631314960817435
2020-01-20,2020,1.0727657630055685,1.1943458828128655
2020-01-27,2020,1.0574405378197747,1.1105679851305257
2020-02-03,2020,0.9440338714449001,1.02474672409008
2020-02-10,2020,0.9992046821137581,1.00022636379281
2020-02-17,2020,1.14326179886022,1.0288334508062917
2020-02-24,2020,1.1248715286372675,1.0891126698704143
2020-03-02,2020,1.11874143856295,1.128958255353478
2020-03-09,2020,1.278123780495206,1.173912249231807
2020-03-16,2020,0.8214320699585496,1.0727657630055676
2020-03-23,2020,0.7325457638809453,0.9440338714448995
2020-03-30,2020,0.3586102693475757,0.6375293677290227
2020-04-06,2020,0.24520360297270136,0.4454532120670733
2020-04-13,2020,0.19616288237816107,0.26665891823281185
2020-04-20,2020,0.1869677472666848,0.20944474420584816
2020-04-27,2020,0.14099207170930328,0.17470756711804883
2020-05-04,2020,0.15631729689509713,0.16142570529036085
2020-05-11,2020,0.18083765719236725,0.159382341932255
2020-05-18,2020,0.14099207170930328,0.159382341932255
2020-05-25,2020,0.09195135111476302,0.13792702667214363
2020-06-01,2020,0.1685774770437322,0.13384029995593194
2020-06-08,2020,0.10421153126339809,0.12158011980729688
2020-06-15,2020,0.14712216178362084,0.13997039003024947
2020-06-22,2020,0.11953675644919191,0.12362348316540273
2020-06-29,2020,0.13792702667214451,0.13486198163498486
2020-07-06,2020,0.15325225185793837,0.1369053449930907
2020-07-13,2020,0.1593823419322559,0.1501872068207787
2020-07-20,2020,0.19309783734100233,0.1685774770437313
2020-07-27,2020,0.1869677472666848,0.17981597551331344
2020-08-03,2020,0.2329434228240663,0.2043363358105836
2020-08-10,2020,0.3616753143847345,0.2605288281584943
2020-08-17,2020,0.28198414341860656,0.2922009602091349
2020-08-24,2020,0.25746378312133644,0.30037441364155826
2020-08-31,2020,0.23600846786122504,0.2584854648003884
2020-09-07,2020,0.2298783777869075,0.24111687625648873
2020-09-14,2020,0.18390270222952604,0.2165965159592186
2020-09-21,2020,0.2543987380841777,0.22272660603353614
2020-09-28,2020,0.2942443235672417,0.24418192129364757
2020-10-05,2020,0.30956954875303544,0.28607087013481736
2020-10-12,2020,0.22068324267543124,0.27483237166523516
2020-10-19,2020,0.28198414341860656,0.2707456449490235
2020-10-26,2020,0.2973093686044004,0.2666589182328118
2020-11-02,2020,0.22681333274974877,0.26870228159091764
2020-11-09,2020,0.27585405334428903,0.2666589182328118
2020-11-16,2020,0.30956954875303544,0.2707456449490235
2020-11-23,2020,0.26359387319565397,0.28300582509765854
2020-11-30,2020,0.24826864800986015,0.27381068998618224
2020-12-07,2020,0.2605288281584952,0.2574637831213355
2020-12-14,2020,0.31569963882735297,0.27483237166523516
2020-12-21,2020,0.3340899090503056,0.303439458678717
2020-12-28,2020,0.24213855793554256,0.29730936860439944
2021-01-04,2021,0.5539528257406077,0.3767270975754844
2021-01-11,2021,0.5176280502822072,0.4379064779861182
2021-01-18,2021,0.48735740406687345,0.5196460933632285
2021-01-25,2021,0.523682179525274,0.5095558779581172
2021-02-01,2021,0.3904913361778054,0.46717697325665003
2021-02-08,2021,0.3693018838270718,0.42782513317671617
2021-02-15,2021,0.32692297912560453,0.362238733043493
2021-02-22,2021,0.3208688498825378,0.3390312376117371
2021-03-01,2021,0.46919501633767313,0.37232894844860426
2021-03-08,2021,0.4964385979314736,0.4288341547172272
2021-03-15,2021,0.3571936253409383,0.44094241320336075
2021-03-22,2021,0.44497849936540623,0.4328702408792718
2021-03-29,2021,0.42984317625773927,0.41067176698802704
2021-04-05,2021,0.44497849936540623,0.43993339166284967
2021-04-12,2021,0.5781693427128747,0.48433033944533915
2021-04-19,2021,0.5115739210391405,0.5115739210391396
2021-04-26,2021,0.4843303394453401,0.5246912010657842
2021-05-03,2021,0.42984317625773927,0.47524914558073905
2021-05-10,2021,0.46314088709460643,0.45910480093256106
2021-05-17,2021,0.45103262860847293,0.4480055639869387
2021-05-24,2021,0.5690881488482746,0.4944205548504505
2021-05-31,2021,0.5539528257406077,0.5246912010657843
2021-06-07,2021,0.5176280502822072,0.546889674957029
2021-06-14,2021,0.5267092441468073,0.5327633733898731
2021-06-21,2021,0.6780624752234761,0.5741332565508294
2021-06-28,2021,0.5872505365774748,0.5973407519825852
2021-07-05,2021,0.8324427709216782,0.6992519275742088
2021-07-12,2021,0.7204413799249433,0.7133782291413645
2021-07-19,2021,0.605412924306675,0.7194323583844312
2021-07-26,2021,0.596331730442075,0.6407286782245636
2021-08-02,2021,0.5569798903621411,0.5862415150369628
2021-08-09,2021,0.5842234719559415,0.579178364253385
2021-08-16,2021,0.620548247414342,0.587250536577474
2021-08-23,2021,0.5933046658205416,0.5993587950636075
2021-08-30,2021,0.4843303394453401,0.5660610842267403
2021-09-06,2021,0.5781693427128747,0.5519347826595845
2021-09-13,2021,0.6084399889282085,0.5569798903621402
2021-09-20,2021,0.5872505365774748,0.5912866227395185
2021-09-27,2021,0.5993587950636083,0.5983497735230964
2021-10-04,2021,0.4358973055008061,0.5408355457139622
2021-10-11,2021,0.5902776011990082,0.5418445672544734
2021-10-18,2021,0.5933046658205416,0.5398265241734511
2021-10-25,2021,0.6326565059004754,0.6054129243066741
2021-11-01,2021,0.629629441278942,0.6185302043333188
2021-11-08,2021,0.5630340196052078,0.6084399889282075
2021-11-15,2021,0.596331730442075,0.5963317304420741
2021-11-22,2021,0.605412924306675,0.588259558117985
2021-11-29,2021,0.6962248629526763,0.6326565059004746
2021-12-06,2021,0.5902776011990082,0.6306384628194522
2021-12-13,2021,0.5933046658205416,0.6266023766574078
2021-12-20,2021,0.6508188936296757,0.611467053549741
2021-12-27,2021,0.8142803831924779,0.6861346475475641
2022-01-03,2022,1.3474386000675875,0.9375126256299128
2022-01-10,2022,1.2516207440627813,1.1377799091076148
2022-01-17,2022,1.2755752080639828,1.2915448507314498
2022-01-24,2022,0.9012867080452085,1.1428275533906567
2022-01-31,2022,0.6018559080301891,0.926239274713126
2022-02-07,2022,0.5779014440289876,0.6936813533681274
2022-02-14,2022,0.4790892800240311,0.5529488773610683
2022-02-21,2022,0.4820835880241813,0.513024770692399
2022-02-28,2022,0.61682744803094,0.5260001053597166
2022-03-07,2022,0.7665428480384499,0.6218179613645228
2022-03-14,2022,0.8982924000450583,0.7605542320381485
2022-03-21,2022,0.9761444080489634,0.8803265520441563
2022-03-28,2022,1.0420191840522677,0.9721519973820955
2022-04-04,2022,1.2486264360626311,1.0889300093879533
2022-04-11,2022,1.1737687360588762,1.1548047853912573
2022-04-18,2022,1.416307684071042,1.279567618730849
2022-04-25,2022,1.5001483080752473,1.3634082427350542
2022-05-02,2022,1.4971540000750974,1.4712033307404615
2022-05-09,2022,1.727715716086662,1.5750060080790014
2022-05-16,2022,1.937317276097176,1.7207289974196442
2022-05-23,2022,2.051100980102883,1.9053779907622397
2022-05-30,2022,1.8235335720914685,1.9373172760971753
2022-06-06,2022,1.877431116094172,1.9173552227628405
2022-06-13,2022,2.119970064106338,1.9403115840973253
2022-06-20,2022,2.00019774410033,1.9991996414336122
2022-06-27,2022,1.6318978600818559,1.91735522276284
2022-07-04,2022,1.8175449560911683,1.8165468534244507
2022-07-11,2022,1.9433058920974764,1.7975829027568324
2022-07-18,2022,1.634892168082006,1.7985810054235494
2022-07-25,2022,1.3294727520666865,1.6358902707487222
2022-08-01,2022,1.3923532200698405,1.4522393800728437
2022-08-08,2022,1.1887402760596273,1.3035220827320506
2022-08-15,2022,0.9671614840485128,1.182751660059326
2022-08-22,2022,1.1528085800578247,1.1029034467219874
2022-08-29,2022,1.1468199640575245,1.088930009387953
2022-09-05,2022,1.215689048060979,1.1717725307254419
2022-09-12,2022,0.9402127120471611,1.100907241388554
2022-09-19,2022,1.1048996520554217,1.0869338040545198
2022-09-26,2022,1.1198711920561728,1.0549945187195842
2022-10-03,2022,1.1498142720576747,1.1248617053897554
2022-10-10,2022,1.1767630440590264,1.148816169390957
2022-10-17,2022,1.1767630440590264,1.167780120058575
2022-10-24,2022,1.07795088005407,1.1438256560573734
2022-10-31,2022,1.1048996520554217,1.119871192056172
2022-11-07,2022,1.2965353640650341,1.159795298724841
2022-11-14,2022,1.3354613680669867,1.24563212806248
2022-11-21,2022,1.3174955200660856,1.3164974173993678
2022-11-28,2022,1.3174955200660856,1.3234841360663852
2022-12-05,2022,1.3294727520666865,1.3214879307329517
2022-12-12,2022,1.048007800052568,1.231658690728446
2022-12-19,2022,0.9791387160491136,1.1188730893894552
2022-12-26,2022,0.8204403920411533,0.9491956360476107
2023-01-02,2023,0.9191764037098672,0.9062518372667104
2023-01-09,2023,0.7709221450469853,0.8368463135993344
2023-01-16,2023,0.7857475709132735,0.8252820398900411
2023-01-23,2023,0.6760394195027409,0.7442363784876657
2023-01-30,2023,0.741271293314409,0.7343527612434736
2023-02-06,2023,0.76499197470047,0.727434229172539
2023-02-13,2023,0.8153984226458498,0.7738872302202421
2023-02-20,2023,0.9073160630168365,0.8292354867877179
2023-02-27,2023,0.9073160630168365,0.87667684955984
2023-03-06,2023,0.862839785417972,0.8924906371505474
2023-03-13,2023,0.8895255519772908,0.8865604668040322
2023-03-20,2023,1.2245801765554036,0.992315171316888
2023-03-27,2023,1.506263268014879,1.206789665515857
2023-04-03,2023,1.5388792049207132,1.4232408831636645
2023-04-10,2023,2.102245387839664,1.7157959535917513
2023-04-17,2023,2.312766435140956,1.9846303426337768
2023-04-24,2023,2.873167532886649,2.4293931186224222
2023-05-01,2023,3.039212302589077,2.7417154235388934
2023-05-08,2023,3.1963618167717316,3.036247217415818
2023-05-15,2023,3.3713018419939322,3.202291987118246
2023-05-22,2023,3.395022523379993,3.3208953940485517
2023-05-29,2023,3.344616075434613,3.370313480269512
2023-06-05,2023,3.113339431920518,3.2843260102450405
2023-06-12,2023,3.1726411353856707,3.2101988809135995
2023-06-19,2023,2.9206088956587712,3.0688631543216522
2023-06-26,2023,2.979910599123924,3.024386876722788
2023-07-03,2023,3.012526536029758,2.9710153436041504
2023-07-10,2023,2.9265390660052866,2.9729920670529886
2023-07-17,2023,2.4135793310317157,2.784214977688919
2023-07-24,2023,2.339452201700275,2.559856866245758
2023-07-31,2023,2.2890457537548947,2.347359095495628
2023-08-07,2023,1.8620734888057955,2.163523814753654
2023-08-14,2023,1.6307968452916997,1.9273053626174625
2023-08-21,2023,1.9095148515779177,1.8007950618918034
2023-08-28,2023,1.645622271157988,1.7286446560092008
2023-09-04,2023,1.8027717853406426,1.7859696360255153
2023-09-11,2023,1.7078890597963983,1.7187610387650087
2023-09-18,2023,1.7701558484348086,1.7602722311906156
2023-09-25,2023,1.8917243405383717,1.7899230829231918
2023-10-02,2023,1.7227144856626866,1.794864891545288
2023-10-09,2023,1.6041110787323811,1.7395166349778124
2023-10-16,2023,1.6278317601184422,1.6515524415045026
2023-10-23,2023,1.4795775014555603,1.5705067801021269
2023-10-30,2023,1.3135327317531327,1.4736473311090441
2023-11-06,2023,1.3639391796985125,1.3856831376357341
2023-11-13,2023,1.4262059683369228,1.3678926265961884
2023-11-20,2023,1.4469615645497265,1.4123689041950531
2023-11-27,2023,1.286846965193814,1.3866714993601537
2023-12-04,2023,1.147487962050705,1.2937654972647474
2023-12-11,2023,1.2423706875949494,1.2255685382798218
2023-12-18,2023,1.180103898956539,1.1899875162007303
2023-12-25,2023,1.2512659431147224,1.2245801765554027
